,fuelType_Clusters,tripsTaken_Clusters,dailyRate_Clusters,vehicleMake_Clusters,vehicleType_Clusters,vehicleAge_Clusters
0,1,0,3,1,1,3
1,1,0,0,1,1,3
2,2,3,1,1,0,4
3,0,0,1,0,0,3
4,0,0,1,2,0,1
5,0,0,1,3,1,4
6,3,0,1,0,1,1
7,0,0,3,0,1,3
8,0,0,3,0,0,0
9,3,0,1,0,1,3
10,0,0,1,0,3,4
11,2,0,1,1,4,4
12,0,0,3,1,1,3
13,2,3,1,1,0,4
14,0,2,1,1,0,1
15,3,0,1,3,2,4
16,0,0,3,3,0,1
17,3,0,3,4,1,3
18,0,0,1,0,0,3
19,3,0,3,0,1,4
20,0,2,1,3,1,0
21,1,0,0,1,0,0
22,3,0,1,2,4,4
23,0,2,1,1,0,3
24,0,0,1,0,0,0
25,3,2,1,2,0,1
26,0,0,1,0,0,0
27,0,0,1,0,0,1
28,0,0,3,1,1,0
29,0,0,3,3,1,0
30,0,0,1,0,0,3
31,0,0,1,2,1,3
32,2,0,3,4,0,0
33,0,0,3,2,0,0
34,3,0,3,4,4,0
35,3,3,1,1,4,1
36,0,3,3,4,1,0
37,1,0,3,1,0,3
38,0,3,3,3,0,0
39,0,0,0,3,0,0
40,0,0,0,2,0,3
41,0,0,3,3,0,3
42,0,2,3,3,0,1
43,0,1,3,3,1,0
44,0,3,1,1,0,0
45,0,3,1,2,1,4
46,1,0,3,1,0,3
47,0,1,3,2,0,4
48,0,3,3,2,0,0
49,0,2,1,3,0,3
50,0,2,3,2,0,0
51,0,0,0,2,0,4
52,0,3,1,2,2,0
53,0,3,3,4,0,0
54,1,0,3,1,0,3
55,0,3,3,3,0,0
56,0,3,0,2,0,0
57,0,0,0,3,0,0
58,0,3,3,2,0,0
59,0,2,3,4,1,4
60,0,0,3,3,0,0
61,0,3,1,0,0,3
62,0,2,3,2,0,0
63,0,0,3,3,0,4
64,1,3,0,1,0,3
65,4,3,3,3,1,4
66,0,2,3,0,0,3
67,0,0,3,4,1,0
68,0,3,1,4,1,1
69,0,0,1,0,0,3
70,0,2,3,3,0,0
71,0,2,1,3,1,3
72,0,2,1,1,0,0
73,0,0,1,2,0,1
74,0,0,3,2,0,3
75,0,0,3,4,1,0
76,0,0,3,2,1,3
77,0,3,3,4,1,0
78,1,0,3,1,0,3
79,0,3,3,2,0,4
80,0,2,0,2,0,0
81,0,0,3,3,0,0
82,1,3,0,1,1,3
83,0,2,3,3,0,0
84,0,0,0,3,0,0
85,0,0,3,2,0,3
86,0,3,1,3,0,0
87,0,0,0,2,0,0
88,1,0,3,1,0,3
89,0,0,1,2,0,1
90,1,3,0,1,1,0
91,0,2,0,2,0,0
92,0,0,3,3,0,0
93,0,0,3,4,1,3
94,0,3,0,2,0,0
95,0,3,1,0,0,0
96,0,3,0,3,0,0
97,0,0,3,1,0,3
98,0,3,1,0,0,0
99,0,3,3,3,0,0
100,0,0,3,2,1,3
101,0,0,3,3,0,4
102,0,0,3,4,1,3
103,0,3,4,2,0,1
104,0,0,0,3,0,3
105,1,0,3,1,1,0
106,2,0,0,3,1,0
107,1,0,3,1,0,3
108,0,2,3,3,1,1
109,0,0,0,4,0,0
110,3,3,1,0,4,0
111,0,2,3,2,0,0
112,0,0,3,2,0,0
113,0,0,1,2,1,0
114,0,3,3,2,0,0
115,1,0,3,1,0,3
116,0,3,3,2,1,1
117,3,3,1,1,4,3
118,0,3,3,3,0,0
119,1,0,3,1,4,3
120,3,3,1,3,4,4
121,0,0,0,2,0,0
122,0,3,3,3,0,0
123,4,0,0,4,1,0
124,0,3,3,2,0,4
125,0,3,3,4,0,0
126,0,0,3,2,1,4
127,0,3,1,3,0,0
128,0,0,0,3,0,0
129,0,3,4,4,0,4
130,0,0,3,2,0,0
131,0,2,3,2,0,3
132,0,3,3,2,0,0
133,0,0,3,0,0,4
134,0,0,3,3,0,0
135,4,0,3,2,1,0
136,0,0,3,0,0,3
137,1,0,0,1,0,0
138,0,2,1,0,0,0
139,0,1,3,2,0,3
140,0,0,3,3,0,0
141,1,2,3,1,0,4
142,0,0,1,3,0,3
143,0,0,0,3,0,4
144,3,2,1,1,4,1
145,0,0,1,1,0,1
146,3,0,0,3,1,0
147,0,0,3,2,3,0
148,1,3,3,1,0,3
149,2,0,1,4,4,0
150,0,2,3,3,1,0
151,0,3,1,4,1,4
152,0,0,1,4,1,0
153,0,0,3,3,0,0
154,0,0,1,4,0,3
155,3,4,1,3,4,0
156,0,2,3,3,0,0
157,0,0,1,4,0,4
158,3,2,1,1,4,0
159,3,1,1,3,0,0
160,0,3,1,0,0,3
161,0,3,3,4,1,3
162,0,0,1,4,0,0
163,0,0,3,4,1,0
164,0,3,1,1,0,4
165,2,0,4,2,0,0
166,0,3,0,4,1,3
167,1,0,0,1,0,3
168,1,3,0,1,0,3
169,1,2,3,1,0,4
170,2,0,1,1,0,1
171,0,3,3,3,0,0
172,3,3,1,2,1,1
173,0,0,1,4,1,3
174,0,0,0,3,0,0
175,0,3,1,2,0,0
176,0,3,3,4,1,3
177,3,0,3,2,4,0
178,0,0,3,3,0,4
179,3,0,1,2,0,3
180,3,0,0,3,1,3
181,0,2,3,3,0,4
182,0,0,3,4,1,0
183,0,0,1,0,0,4
184,0,1,1,3,0,0
185,0,2,1,1,0,0
186,3,2,1,2,4,1
187,0,0,1,1,1,0
188,0,2,3,3,0,0
189,0,0,1,2,2,0
190,0,2,1,1,0,3
191,0,0,1,2,0,0
192,2,1,1,4,0,1
193,3,2,1,2,4,4
194,0,1,1,4,0,4
195,0,0,1,1,2,4
196,0,0,1,4,1,0
197,0,0,3,3,0,3
198,0,2,1,1,0,3
199,0,2,1,0,1,0
200,0,3,1,1,0,0
201,0,0,0,2,1,3
202,0,3,3,4,0,0
203,0,2,1,0,0,3
204,1,0,2,1,1,3
205,0,0,0,4,1,3
206,3,0,0,2,0,0
207,0,3,3,2,0,0
208,0,2,1,3,0,0
209,0,3,3,0,3,3
210,3,3,1,1,4,0
211,3,2,1,2,4,0
212,0,0,1,2,0,1
213,0,3,3,4,0,0
214,3,3,1,1,1,1
215,2,3,1,1,0,1
216,0,0,1,2,0,1
217,2,2,1,1,0,4
218,0,2,1,1,0,0
219,0,3,1,4,0,3
220,3,3,1,0,0,0
221,2,1,1,1,0,1
222,2,2,1,1,0,1
223,2,1,1,4,0,1
224,0,0,1,4,0,1
225,2,2,1,1,0,1
226,3,3,1,0,4,1
227,2,1,1,4,0,4
228,0,0,1,2,0,0
229,0,0,1,2,0,1
230,0,2,1,3,0,1
231,0,3,1,0,0,4
232,3,3,1,2,0,0
233,0,2,1,3,0,0
234,0,3,1,2,1,4
235,0,3,1,2,0,1
236,0,0,1,3,0,0
237,0,0,1,0,0,0
238,0,3,1,0,0,3
239,0,3,3,2,0,3
240,0,3,3,0,3,0
241,0,0,1,2,0,3
242,1,0,0,1,1,0
243,0,0,1,1,0,1
244,0,0,3,2,0,3
245,0,3,3,3,0,4
246,0,2,1,3,0,3
247,0,1,1,3,1,3
248,0,3,1,2,1,3
249,0,0,3,2,0,1
250,0,0,1,2,0,3
251,0,0,1,3,0,0
252,0,0,1,4,1,0
253,0,3,1,3,0,0
254,0,0,3,0,0,0
255,0,2,1,3,0,0
256,1,3,3,1,0,3
257,1,0,1,1,0,3
258,0,0,1,0,0,4
259,0,0,3,3,0,0
260,0,0,1,2,0,0
261,1,0,0,1,0,3
262,2,3,1,1,0,1
263,0,0,1,1,1,3
264,0,1,3,2,0,3
265,0,0,3,3,0,3
266,0,3,3,2,0,0
267,0,0,1,0,0,3
268,0,3,0,2,0,3
269,0,0,3,3,1,3
270,0,0,1,1,1,0
271,1,0,3,1,0,3
272,3,0,3,3,1,4
273,0,0,3,2,0,4
274,0,2,1,3,0,0
275,0,3,3,2,0,3
276,1,0,3,1,0,3
277,2,3,0,4,1,3
278,0,0,1,2,0,1
279,2,2,1,1,0,1
280,3,3,1,4,4,1
281,0,3,1,1,1,3
282,3,1,1,1,4,1
283,0,3,1,1,0,0
284,0,0,3,2,1,0
285,0,0,0,3,0,3
286,0,0,1,4,1,0
287,0,2,1,2,1,3
288,3,3,1,0,0,3
289,1,0,3,1,0,3
290,0,0,1,0,3,4
291,0,1,1,0,3,4
292,0,3,1,1,1,3
293,0,0,3,3,0,4
294,1,3,3,1,0,3
295,1,0,4,1,1,3
296,0,0,1,2,1,4
297,2,3,1,1,4,1
298,0,3,1,3,1,4
299,0,3,1,0,0,4
300,0,0,3,3,2,3
301,0,0,3,4,1,3
302,0,0,3,2,0,3
303,0,3,1,2,0,0
304,0,3,1,4,1,4
305,0,3,1,0,0,4
306,0,0,1,4,0,4
307,0,3,1,0,1,0
308,0,0,1,3,1,3
309,0,0,1,4,1,3
310,0,0,0,3,0,3
311,3,0,1,3,1,3
312,0,0,3,2,1,0
313,0,0,1,2,1,4
314,0,0,1,4,1,3
315,0,0,1,0,1,3
316,0,0,3,0,1,4
317,0,3,1,2,0,0
318,0,0,1,0,2,3
319,0,0,3,4,1,3
320,0,3,1,0,1,4
321,0,3,3,1,0,3
322,0,0,3,2,0,1
323,0,0,3,1,3,3
324,0,0,1,0,1,0
325,0,3,1,1,1,3
326,0,0,1,1,1,3
327,0,0,3,4,1,0
328,0,0,3,4,1,0
329,0,0,3,2,0,3
330,3,0,3,4,1,0
331,0,0,3,2,1,1
332,0,0,1,4,1,0
333,0,0,3,2,0,4
334,0,3,1,1,0,4
335,0,3,1,1,0,3
336,0,0,1,1,0,0
337,0,0,1,4,1,3
338,3,0,1,0,0,3
339,3,0,1,1,4,3
340,0,2,1,0,0,3
341,2,3,1,4,0,0
342,0,3,1,1,0,0
343,0,3,1,4,0,3
344,2,3,1,1,0,4
345,0,3,1,1,0,1
346,0,0,1,0,0,0
347,0,0,1,1,2,4
348,0,3,1,4,0,0
349,0,0,1,0,0,0
350,0,0,1,4,0,3
351,0,0,1,4,1,4
352,0,0,1,3,0,0
353,0,3,1,0,1,3
354,0,3,1,0,0,0
355,0,0,1,4,0,3
356,0,0,1,3,0,3
357,0,0,1,3,3,0
358,3,3,1,0,3,4
359,0,0,1,1,0,1
360,2,0,1,4,0,3
361,0,2,1,4,0,1
362,0,2,1,1,0,3
363,0,3,1,1,0,1
364,2,0,1,1,0,0
365,0,3,1,1,0,0
366,2,1,1,1,0,4
367,0,0,1,1,0,4
368,2,3,1,1,0,0
369,0,3,1,0,0,4
370,3,0,1,1,4,1
371,3,0,1,1,1,4
372,0,0,1,0,0,1
373,0,2,1,1,0,1
374,3,3,1,0,4,1
375,0,4,1,1,0,1
376,0,0,3,0,0,3
377,2,0,1,4,1,0
378,0,0,1,2,2,0
379,0,3,1,4,1,0
380,0,0,3,4,1,3
381,0,0,0,3,0,3
382,0,0,0,0,0,2
383,0,0,1,2,3,0
384,0,0,4,0,0,2
385,0,3,1,4,1,1
386,0,3,3,2,0,4
387,1,0,0,1,0,3
388,0,2,1,3,0,1
389,0,0,3,1,3,0
390,2,2,1,1,0,0
391,0,2,3,4,0,3
392,2,3,1,1,0,1
393,0,0,2,4,0,1
394,2,2,1,1,0,1
395,0,0,1,4,1,3
396,0,0,1,0,0,0
397,0,0,4,4,1,3
398,3,0,1,1,4,4
399,0,0,1,3,3,0
400,0,0,3,4,1,0
401,0,0,3,3,0,4
402,2,0,1,1,0,0
403,0,0,1,3,1,3
404,0,0,3,1,2,0
405,0,2,1,0,0,3
406,0,0,3,1,2,1
407,0,0,1,0,0,1
408,0,3,1,0,0,1
409,0,3,1,1,0,1
410,0,3,1,0,0,3
411,0,0,1,0,0,3
412,3,0,1,3,1,4
413,0,3,1,1,0,1
414,3,0,1,0,4,3
415,3,3,1,0,2,1
416,0,3,1,1,2,1
417,0,0,1,0,1,4
418,3,2,1,1,4,1
419,0,0,1,0,0,4
420,2,3,1,1,4,1
421,0,0,3,2,0,4
422,0,0,1,2,0,0
423,0,3,1,2,0,3
424,2,0,1,0,0,0
425,0,0,1,0,0,0
426,0,0,1,2,1,3
427,3,0,1,4,1,1
428,0,0,1,1,0,3
429,0,0,1,1,1,1
430,0,1,1,2,0,0
431,3,2,1,2,4,4
432,3,1,1,2,4,4
433,3,2,1,3,4,4
434,0,4,1,1,0,0
435,3,2,1,3,4,1
436,0,3,1,2,0,0
437,0,0,1,0,1,0
438,0,0,1,3,3,0
439,0,0,1,2,0,3
440,1,0,0,1,0,0
441,0,0,1,0,0,3
442,1,2,3,1,0,3
443,0,0,1,0,0,3
444,0,2,3,2,0,1
445,0,0,1,3,0,3
446,1,0,0,1,0,3
447,0,2,1,0,0,3
448,0,0,3,4,1,3
449,0,3,3,2,1,0
450,0,0,1,0,0,3
451,1,2,3,1,0,0
452,0,0,1,3,2,0
453,1,0,3,1,0,3
454,0,3,1,2,0,4
455,1,0,3,1,1,3
456,0,0,3,0,1,4
457,0,0,1,1,1,1
458,0,1,1,4,0,0
459,0,0,3,1,1,1
460,0,0,1,2,3,0
461,0,3,1,1,1,0
462,0,4,1,2,0,4
463,0,3,0,4,0,3
464,0,0,1,2,0,0
465,0,0,1,1,0,3
466,0,0,1,3,0,0
467,0,0,3,3,1,3
468,0,0,1,2,3,3
469,0,2,3,4,1,3
470,1,0,3,1,0,0
471,0,3,3,2,0,3
472,0,3,1,3,0,1
473,0,0,1,0,1,3
474,0,0,1,3,0,0
475,0,0,1,3,0,3
476,0,2,1,3,0,4
477,0,0,1,4,0,4
478,0,0,0,3,0,0
479,0,0,1,0,0,3
480,0,0,3,3,0,0
481,0,0,3,4,0,1
482,0,0,2,3,0,0
483,0,3,1,4,1,1
484,0,3,1,2,0,3
485,0,3,1,2,0,3
486,0,0,1,3,0,3
487,0,0,1,1,0,3
488,0,1,1,1,0,4
489,3,0,1,2,4,0
490,0,0,1,0,0,0
491,0,0,1,3,0,1
492,3,0,1,4,4,3
493,0,3,1,1,0,0
494,0,0,1,1,0,4
495,3,3,1,0,4,4
496,0,0,1,4,0,3
497,3,3,1,4,4,3
498,0,0,0,3,0,0
499,2,0,1,0,0,4
500,0,0,1,2,2,4
501,0,0,3,2,1,0
502,0,0,1,2,0,1
503,0,0,3,3,0,0
504,0,0,1,2,0,4
505,0,0,1,1,0,0
506,0,1,1,2,0,1
507,0,0,3,2,1,3
508,0,0,1,2,3,3
509,0,0,3,3,0,0
510,0,0,1,1,0,4
511,0,2,1,4,1,0
512,0,0,1,1,0,1
513,4,0,3,3,3,0
514,0,0,3,2,0,1
515,3,0,1,2,4,3
516,0,3,1,0,0,0
517,3,2,1,1,0,1
518,0,1,1,1,0,4
519,0,1,1,0,0,0
520,0,3,3,0,0,3
521,1,0,3,1,0,4
522,0,0,1,1,1,3
523,1,3,3,1,0,3
524,0,0,3,2,1,0
525,0,0,1,1,0,3
526,1,0,3,1,4,3
527,1,0,0,1,0,3
528,4,0,1,1,0,0
529,0,3,3,4,1,3
530,0,0,1,1,1,3
531,0,3,1,4,1,0
532,0,0,3,2,0,3
533,0,3,1,0,0,0
534,0,0,0,2,1,0
535,0,0,1,4,0,0
536,1,3,3,1,0,3
537,0,0,3,3,0,4
538,0,3,1,4,1,3
539,0,0,1,3,0,0
540,0,0,1,3,1,3
541,2,3,1,1,0,0
542,1,0,1,1,0,3
543,4,0,1,1,0,4
544,0,0,0,4,1,3
545,0,0,1,2,0,3
546,4,0,1,1,0,4
547,0,3,1,0,0,0
548,0,0,3,2,0,0
549,0,2,1,0,0,0
550,0,3,3,2,0,0
551,0,0,3,1,1,0
552,0,0,4,3,0,3
553,0,2,1,2,0,0
554,0,0,1,1,1,4
555,0,0,1,0,0,0
556,3,2,1,0,2,1
557,0,0,1,4,0,4
558,0,0,1,0,2,1
559,0,0,1,0,0,4
560,0,3,1,2,0,1
561,0,3,1,2,0,0
562,0,3,1,1,0,0
563,0,0,1,0,1,4
564,0,0,1,3,0,3
565,3,3,1,1,1,1
566,0,3,1,3,0,4
567,0,2,1,3,0,1
568,0,1,1,1,0,1
569,3,1,1,3,0,1
570,0,1,1,1,0,1
571,0,3,3,4,1,0
572,0,3,1,1,0,1
573,1,0,3,1,0,3
574,0,0,3,3,0,3
575,1,0,3,1,0,4
576,3,0,1,1,4,4
577,0,3,1,0,0,4
578,0,0,3,2,0,3
579,1,0,3,1,0,3
580,0,3,3,4,1,3
581,0,3,3,4,1,0
582,0,3,1,4,0,1
583,0,3,3,4,0,4
584,0,0,3,0,0,3
585,1,0,1,2,0,0
586,2,3,1,0,0,3
587,0,0,1,1,1,0
588,1,0,0,1,4,3
589,0,0,3,2,0,0
590,0,0,1,2,1,4
591,0,0,1,1,0,4
592,0,0,3,4,1,0
593,0,3,1,3,0,0
594,2,3,1,1,0,0
595,0,0,3,3,0,0
596,0,0,1,3,0,0
597,4,0,0,3,3,3
598,4,0,1,2,1,1
599,0,3,1,0,0,4
600,0,0,1,2,0,0
601,3,3,1,4,1,0
602,0,3,1,0,0,0
603,0,0,1,2,0,1
604,0,0,1,1,0,4
605,0,3,1,4,0,0
606,0,3,1,3,0,4
607,0,0,1,0,0,1
608,0,3,1,3,0,4
609,0,0,3,3,1,0
610,0,0,3,2,0,4
611,3,0,1,4,4,1
612,0,3,1,4,1,1
613,0,0,3,4,0,3
614,0,0,3,3,0,4
615,1,2,3,1,1,0
616,1,3,3,1,0,3
617,1,2,3,1,0,3
618,0,3,3,3,1,4
619,1,0,0,1,0,3
620,0,0,1,1,0,0
621,1,0,0,1,0,0
622,0,0,3,3,0,3
623,0,0,1,2,0,1
624,0,0,3,2,0,0
625,3,0,3,2,1,3
626,0,0,3,3,1,3
627,0,0,1,3,0,3
628,0,0,1,0,0,1
629,2,0,3,4,0,0
630,0,3,1,0,0,1
631,0,3,1,1,2,4
632,0,2,1,1,3,4
633,3,2,1,0,2,3
634,0,0,1,3,0,4
635,2,3,1,1,0,3
636,2,1,1,1,0,4
637,3,0,1,4,4,1
638,0,2,1,0,0,0
639,0,2,3,1,1,3
640,3,3,1,3,4,1
641,0,0,1,3,0,0
642,0,0,1,0,2,4
643,1,0,3,1,0,4
644,1,2,3,1,0,0
645,0,3,3,4,3,3
646,0,0,1,0,0,0
647,0,0,4,2,0,0
648,0,0,1,2,0,4
649,0,0,1,1,1,3
650,1,2,3,1,0,3
651,0,0,3,3,0,0
652,1,3,3,1,0,4
653,0,0,1,0,0,4
654,0,0,1,0,0,4
655,0,0,0,2,0,0
656,0,0,3,2,1,4
657,0,3,3,2,0,1
658,0,0,3,3,0,4
659,0,0,1,1,1,0
660,0,0,0,4,0,0
661,0,3,1,4,0,4
662,2,0,1,0,0,4
663,0,3,1,2,0,3
664,0,2,1,3,0,3
665,0,0,3,2,1,0
666,0,0,3,3,1,3
667,3,0,1,2,3,1
668,0,0,3,0,3,0
669,0,0,1,0,2,3
670,0,0,1,2,0,3
671,0,0,1,4,0,3
672,4,0,0,2,0,0
673,0,0,1,0,1,4
674,0,1,1,2,0,3
675,0,0,0,3,0,0
676,0,0,3,2,1,0
677,0,0,1,0,0,4
678,0,2,3,0,1,0
679,0,0,1,0,0,4
680,3,0,1,0,4,4
681,0,2,3,4,1,0
682,0,3,1,2,0,3
683,3,0,1,0,4,0
684,0,0,0,3,0,3
685,0,0,1,2,0,3
686,0,3,1,1,1,4
687,0,2,1,2,0,1
688,0,2,1,0,0,4
689,0,0,1,4,0,4
690,0,3,1,2,0,3
691,0,3,1,2,0,3
692,0,0,1,2,0,4
693,0,3,1,1,0,4
694,0,3,1,0,0,4
695,0,0,1,2,0,1
696,2,0,1,4,0,4
697,2,3,1,4,1,1
698,3,3,1,0,4,4
699,0,0,1,4,1,3
700,0,2,1,1,1,0
701,0,3,1,3,0,4
702,0,2,1,3,1,1
703,0,0,1,0,1,0
704,0,0,1,2,1,1
705,0,0,0,3,0,0
706,0,2,1,2,1,1
707,2,3,1,1,0,4
708,0,2,1,1,0,0
709,0,0,1,4,0,0
710,0,0,1,0,0,0
711,0,0,1,2,0,1
712,0,2,1,1,0,4
713,0,0,1,1,1,0
714,3,0,1,3,4,1
715,0,0,1,0,1,1
716,0,3,1,0,1,1
717,0,0,1,0,1,0
718,0,0,1,4,0,0
719,0,0,1,4,0,0
720,0,1,1,4,1,0
721,0,3,1,3,0,0
722,0,3,1,2,0,4
723,0,0,1,0,0,0
724,0,0,1,3,0,4
725,0,3,1,4,1,3
726,0,0,1,0,0,0
727,0,0,1,3,0,1
728,1,0,3,1,0,3
729,1,0,0,1,0,3
730,2,3,1,4,4,1
731,0,0,1,3,3,0
732,3,0,1,2,2,1
733,0,0,0,3,0,4
734,1,0,0,1,1,3
735,1,2,1,1,0,3
736,0,0,3,4,1,4
737,0,0,1,0,0,0
738,0,0,1,2,0,1
739,1,2,3,1,0,3
740,0,0,3,4,1,0
741,0,0,1,2,1,0
742,0,0,1,3,0,4
743,0,0,0,3,0,1
744,0,0,1,3,1,0
745,0,0,1,4,1,0
746,0,0,1,2,0,1
747,0,0,3,1,0,0
748,0,0,1,0,0,0
749,0,0,3,3,0,3
750,0,0,1,3,0,0
751,0,0,1,3,1,4
752,3,0,3,3,4,3
753,0,0,1,1,0,0
754,0,0,4,3,0,0
755,0,0,3,2,0,0
756,0,0,3,2,0,3
757,3,0,0,4,4,0
758,0,0,1,2,1,0
759,0,0,1,2,0,4
760,0,3,1,0,0,4
761,0,0,1,0,0,3
762,0,3,1,1,0,1
763,1,0,3,1,0,3
764,0,0,1,0,1,4
765,3,0,3,0,1,3
766,0,0,1,4,1,1
767,0,0,3,0,3,0
768,0,3,1,0,0,4
769,0,0,1,1,2,1
770,0,0,1,0,3,1
771,0,0,1,2,1,4
772,0,3,0,2,0,1
773,0,0,1,1,3,3
774,0,0,1,1,0,1
775,3,0,3,1,1,0
776,0,0,3,2,0,1
777,0,3,3,2,1,1
778,0,3,3,2,1,4
779,0,3,3,2,1,1
780,0,3,1,4,1,1
781,0,0,1,2,1,1
782,0,0,1,2,0,1
783,0,2,1,0,0,1
784,3,3,1,2,1,1
785,0,3,1,0,1,4
786,0,0,1,4,0,1
787,0,0,1,0,0,4
788,0,1,1,0,1,1
789,0,0,1,4,0,0
790,0,2,1,2,1,1
791,0,1,1,4,1,1
792,0,0,1,4,1,0
793,0,3,1,0,1,3
794,0,2,1,0,0,3
795,0,3,1,0,3,1
796,0,0,1,1,0,4
797,0,0,1,0,0,0
798,0,3,1,0,0,1
799,0,2,1,3,0,0
800,0,0,1,0,0,3
801,0,0,1,2,0,4
802,4,0,3,3,3,3
803,0,0,3,2,0,3
804,0,0,1,4,0,3
805,0,0,1,0,0,4
806,0,0,1,0,0,0
807,3,2,1,0,4,4
808,0,0,1,0,0,4
809,1,0,0,2,4,0
810,0,2,1,1,0,4
811,0,0,1,4,1,1
812,0,0,1,2,0,0
813,0,3,1,2,0,0
814,0,0,1,3,0,0
815,0,0,1,3,1,4
816,0,0,1,4,1,4
817,0,2,1,2,0,0
818,0,0,1,3,0,4
819,0,0,1,2,3,3
820,0,2,1,2,0,3
821,0,0,1,2,0,4
822,0,3,1,2,0,3
823,0,0,1,4,1,3
824,0,0,1,2,1,3
825,0,0,1,2,1,3
826,0,0,1,2,1,1
827,3,1,1,3,0,0
828,0,4,1,0,0,0
829,0,4,1,4,0,0
830,0,4,1,1,0,0
831,0,0,1,1,0,0
832,0,4,1,0,0,0
833,3,4,1,3,4,0
834,0,4,1,0,0,0
835,0,1,1,4,1,3
836,0,0,1,4,1,4
837,3,0,3,2,4,3
838,0,0,3,3,1,0
839,0,0,1,3,0,2
840,3,3,1,4,1,3
841,0,0,1,4,3,3
842,0,0,1,4,0,0
843,0,0,1,1,1,4
844,3,0,1,2,2,3
845,0,0,1,0,3,3
846,0,0,1,2,0,4
847,0,0,1,2,0,4
848,0,0,1,0,0,4
849,0,0,0,3,1,3
850,0,0,1,1,3,3
851,0,3,1,3,1,4
852,0,0,3,1,0,3
853,0,0,1,4,1,3
854,0,3,1,1,2,0
855,0,3,1,2,0,0
856,3,1,3,3,0,4
857,3,2,1,3,1,1
858,3,1,1,2,4,0
859,0,0,3,3,0,0
860,3,3,3,3,1,1
861,3,3,1,2,4,4
862,0,3,3,3,0,4
863,3,0,3,2,4,4
864,1,0,0,1,0,3
865,0,3,3,4,1,0
866,1,3,0,1,0,0
867,1,0,0,1,0,0
868,2,3,0,2,0,0
869,0,3,1,3,1,3
870,3,0,1,2,0,0
871,0,0,3,4,1,0
872,0,0,3,3,0,0
873,2,0,1,0,0,0
874,0,0,1,2,0,3
875,0,0,1,0,2,0
876,0,0,1,3,1,1
877,1,0,3,1,4,3
878,0,0,0,3,1,0
879,1,0,3,1,0,3
880,0,0,0,4,1,0
881,0,0,3,4,1,0
882,3,1,1,3,1,1
883,3,0,1,2,4,0
884,0,3,1,2,0,0
885,0,0,1,3,0,0
886,0,3,1,4,0,0
887,0,3,3,3,0,3
888,0,0,1,1,0,4
889,0,0,1,3,0,4
890,0,0,1,0,0,0
891,0,0,1,3,0,0
892,0,0,1,0,0,0
893,0,0,0,3,0,0
894,0,1,1,1,0,3
895,3,0,1,3,4,1
896,2,0,0,2,4,0
897,0,3,1,0,0,3
898,0,0,1,0,0,0
899,0,0,1,4,0,0
900,0,0,1,0,0,4
901,0,0,1,1,0,3
902,0,0,0,2,0,0
903,0,0,1,2,0,0
904,0,0,1,1,0,1
905,2,2,1,2,0,4
906,0,0,1,0,0,3
907,0,1,1,0,3,1
908,0,0,1,3,1,4
909,0,0,1,3,0,0
910,0,0,1,1,0,3
911,1,3,3,1,1,3
912,4,3,3,3,1,0
913,1,2,3,1,0,3
914,1,2,3,1,0,3
915,0,0,1,1,1,4
916,1,3,3,1,1,3
917,1,3,3,1,1,3
918,0,2,1,2,0,0
919,1,3,3,1,4,3
920,2,3,1,2,0,0
921,0,3,1,3,0,0
922,0,3,1,1,1,3
923,1,3,3,1,1,3
924,0,3,3,0,1,0
925,1,0,3,1,1,0
926,0,2,1,3,1,0
927,0,3,1,1,1,1
928,3,1,1,1,1,1
929,0,1,1,1,1,1
930,0,1,1,1,1,1
931,0,3,1,0,1,3
932,1,0,3,1,1,3
933,0,3,1,4,1,0
934,0,0,3,4,0,4
935,0,2,1,1,1,1
936,0,1,1,3,1,4
937,0,1,1,1,1,1
938,0,3,1,0,0,4
939,4,0,1,3,1,4
940,0,0,1,3,1,1
941,0,3,1,0,3,1
942,3,1,1,1,2,1
943,0,0,1,3,1,4
944,0,1,1,1,1,0
945,0,3,1,2,0,4
946,3,1,1,1,2,1
947,0,0,1,1,1,4
948,3,0,1,4,1,3
949,0,3,1,2,0,1
950,3,3,1,2,3,1
951,0,0,1,1,1,4
952,3,1,1,1,2,1
953,3,4,1,1,0,1
954,0,0,1,0,3,4
955,0,1,1,1,1,1
956,0,0,1,3,1,4
957,0,0,1,3,1,4
958,0,3,1,1,1,0
959,3,1,1,1,2,1
960,3,1,1,1,1,1
961,0,2,1,3,3,3
962,1,0,3,1,1,3
963,3,1,1,1,2,4
964,3,2,1,1,2,4
965,0,0,1,0,1,4
966,0,4,1,1,1,1
967,0,2,1,1,1,1
968,3,2,1,0,0,0
969,1,3,3,1,0,3
970,0,2,1,1,3,0
971,3,0,3,2,1,0
972,3,1,1,1,1,1
973,0,0,1,1,1,4
974,0,0,3,0,1,3
975,3,1,1,1,2,1
976,3,2,1,1,1,1
977,0,0,1,3,1,1
978,3,1,1,1,2,1
979,0,1,1,3,1,4
980,2,0,1,1,0,4
981,0,4,1,3,1,1
982,0,0,1,1,3,3
983,2,2,1,1,0,1
984,0,2,1,1,1,1
985,0,3,1,4,1,0
986,3,1,1,1,3,1
987,1,0,3,1,1,3
988,3,1,1,1,1,1
989,0,4,1,3,1,1
990,0,2,1,1,1,4
991,0,3,1,1,1,4
992,0,3,1,4,1,0
993,0,2,1,3,1,1
994,0,0,3,3,0,0
995,3,1,1,1,2,1
996,0,0,1,0,1,3
997,0,3,1,1,3,3
998,0,3,1,0,0,4
999,3,2,1,1,1,1
1000,0,4,1,2,1,1
1001,0,0,1,3,1,0
1002,0,2,1,1,1,1
1003,1,0,3,1,0,3
1004,0,1,1,1,2,1
1005,0,0,3,2,1,3
1006,1,2,3,1,0,3
1007,3,0,3,2,2,0
1008,1,0,3,1,0,3
1009,0,0,3,0,3,3
1010,3,0,3,1,1,1
1011,1,2,3,1,1,3
1012,3,1,1,1,3,1
1013,3,0,1,0,1,4
1014,0,3,1,3,0,4
1015,0,2,1,3,3,1
1016,0,0,3,3,1,0
1017,3,2,1,1,2,1
1018,0,0,1,3,1,0
1019,0,3,1,1,0,1
1020,0,0,1,3,1,0
1021,1,0,3,1,0,3
1022,1,0,3,1,0,3
1023,0,3,1,2,1,1
1024,1,0,1,1,0,3
1025,0,0,1,0,1,1
1026,4,2,1,2,1,0
1027,0,3,3,2,0,4
1028,0,0,3,2,1,3
1029,0,2,0,2,0,0
1030,0,0,1,3,1,4
1031,0,0,3,2,2,3
1032,0,3,0,2,0,1
1033,0,0,1,0,1,0
1034,3,3,3,2,3,1
1035,0,3,1,1,3,3
1036,0,1,1,1,1,1
1037,0,3,3,1,1,0
1038,0,0,1,2,2,1
1039,0,0,1,0,0,1
1040,0,2,1,2,0,1
1041,3,0,1,1,4,0
1042,0,1,3,1,1,1
1043,3,2,1,2,4,1
1044,0,3,3,2,0,4
1045,0,0,3,2,2,3
1046,0,3,1,1,1,3
1047,0,3,1,3,1,0
1048,0,0,3,0,1,3
1049,0,3,3,3,1,4
1050,0,3,1,0,0,1
1051,3,3,3,3,1,0
1052,0,0,1,2,0,4
1053,3,0,3,3,4,1
1054,0,3,3,3,1,0
1055,1,0,3,1,0,3
1056,3,0,1,2,1,4
1057,0,0,1,1,0,1
1058,0,0,1,1,0,0
1059,0,0,1,2,1,3
1060,3,0,1,0,1,1
1061,3,0,0,0,1,0
1062,1,2,3,1,0,3
1063,3,0,3,2,3,1
1064,0,0,1,2,1,3
1065,0,0,1,2,1,4
1066,1,0,0,1,1,0
1067,0,1,1,4,0,0
1068,1,0,0,1,0,0
1069,3,0,1,3,1,1
1070,3,0,3,0,2,0
1071,0,0,3,0,1,4
1072,0,1,1,3,1,0
1073,4,0,1,0,1,3
1074,0,2,3,1,1,0
1075,0,0,1,0,0,3
1076,0,3,3,0,1,4
1077,0,3,3,1,3,3
1078,3,0,1,2,4,1
1079,2,0,1,1,4,4
1080,0,0,1,0,0,1
1081,0,3,1,2,1,4
1082,0,3,3,1,1,3
1083,0,0,0,2,1,0
1084,0,1,1,0,1,0
1085,0,0,1,4,1,3
1086,0,0,3,1,1,4
1087,0,0,3,2,2,3
1088,0,0,3,2,2,0
1089,3,0,1,0,4,1
1090,1,3,3,1,1,0
1091,0,0,0,3,0,1
1092,1,1,3,1,1,0
1093,3,0,1,4,2,3
1094,0,3,1,2,0,4
1095,2,2,1,0,4,1
1096,0,2,1,3,1,3
1097,3,1,1,2,1,4
1098,0,0,1,0,0,0
1099,0,4,1,2,0,0
1100,0,0,1,4,0,3
1101,0,0,1,3,0,3
1102,0,0,1,3,0,3
1103,0,0,1,3,0,3
1104,0,0,1,3,0,3
1105,0,0,1,3,0,3
1106,0,0,1,3,0,3
1107,0,0,1,3,0,3
1108,0,0,1,3,0,3
1109,3,0,1,4,4,3
1110,3,3,1,1,0,1
1111,0,4,1,3,0,0
1112,1,0,3,1,0,3
1113,3,0,1,3,4,3
1114,0,0,1,2,1,3
1115,4,0,1,3,3,0
1116,0,2,0,2,0,0
1117,0,3,3,3,0,0
1118,0,3,3,3,0,0
1119,0,0,3,0,1,0
1120,1,0,3,1,0,3
1121,0,0,3,0,1,4
1122,0,0,1,4,0,3
1123,0,3,4,2,0,2
1124,0,0,3,4,0,3
1125,0,0,1,2,3,0
1126,0,0,1,2,2,4
1127,3,0,3,4,1,4
1128,0,0,3,2,0,4
1129,0,3,1,2,0,0
1130,0,0,1,1,0,4
1131,1,0,1,4,1,3
1132,0,0,1,0,0,4
1133,0,0,1,2,2,4
1134,0,0,1,0,1,1
1135,0,0,1,2,1,1
1136,0,2,1,0,1,0
1137,1,0,0,1,1,0
1138,0,0,1,3,0,0
1139,3,0,1,0,2,3
1140,0,0,1,0,0,4
1141,0,0,3,0,1,3
1142,0,3,3,2,0,0
1143,1,3,0,1,4,3
1144,3,0,1,0,4,1
1145,0,1,1,3,0,3
1146,3,0,1,2,4,1
1147,0,0,1,2,0,1
1148,3,0,1,1,1,3
1149,3,0,1,2,4,1
1150,0,0,3,4,1,3
1151,0,0,1,3,1,3
1152,3,0,1,0,4,1
1153,0,0,1,2,0,1
1154,0,0,3,0,1,3
1155,0,0,1,0,0,0
1156,1,2,3,1,0,0
1157,0,0,1,1,1,3
1158,0,4,3,2,0,0
1159,0,3,1,4,0,0
1160,0,2,3,2,3,3
1161,1,3,0,1,0,3
1162,0,0,1,2,1,3
1163,1,0,0,1,0,3
1164,0,0,1,3,0,3
1165,0,2,3,4,1,3
1166,0,2,3,2,0,0
1167,1,0,4,1,1,0
1168,2,0,4,2,0,0
1169,3,0,3,3,1,3
1170,0,1,1,1,0,4
1171,0,0,1,2,1,3
1172,0,1,1,2,0,0
1173,0,0,1,0,1,3
1174,0,0,3,4,1,0
1175,0,3,1,2,2,3
1176,0,0,0,0,3,3
1177,0,0,3,1,3,3
1178,0,3,1,4,0,3
1179,0,0,3,3,1,3
1180,0,3,3,0,0,0
1181,0,3,1,4,1,3
1182,0,3,1,0,1,0
1183,2,2,1,4,0,3
1184,0,0,1,0,1,1
1185,0,0,1,0,0,4
1186,3,0,1,2,4,0
1187,0,3,1,0,0,1
1188,0,0,3,1,0,3
1189,0,0,3,4,1,1
1190,0,0,1,3,0,0
1191,0,0,1,1,0,1
1192,0,3,1,3,0,1
1193,0,2,1,3,0,0
1194,0,0,0,2,0,3
1195,2,3,4,2,0,0
1196,1,0,3,1,0,3
1197,0,0,3,3,1,0
1198,1,0,0,1,0,3
1199,0,0,3,2,0,0
1200,0,1,0,4,1,0
1201,0,0,3,1,1,3
1202,0,0,3,0,1,4
1203,0,3,3,2,0,3
1204,0,0,1,1,0,0
1205,0,0,3,2,0,0
1206,0,4,0,3,0,4
1207,1,3,0,1,0,3
1208,0,3,0,2,1,3
1209,0,0,3,3,0,0
1210,1,0,3,1,0,3
1211,1,3,0,1,1,3
1212,1,2,0,1,1,0
1213,0,0,1,1,0,4
1214,3,2,0,3,4,4
1215,1,2,0,1,0,3
1216,0,3,0,3,0,4
1217,0,0,3,2,0,3
1218,0,0,3,4,1,0
1219,0,3,0,2,0,0
1220,1,3,3,1,0,3
1221,0,2,4,3,1,0
1222,2,3,4,2,0,0
1223,1,0,0,1,0,3
1224,1,1,0,1,0,3
1225,0,1,0,2,0,0
1226,0,0,0,3,0,4
1227,3,0,0,3,0,0
1228,0,1,0,4,0,4
1229,1,1,0,1,0,3
1230,1,0,0,1,0,3
1231,0,2,3,3,1,3
1232,0,0,3,2,1,0
1233,1,1,0,1,0,3
1234,0,0,3,1,1,3
1235,0,2,3,2,0,0
1236,0,2,3,2,0,3
1237,0,0,0,3,1,0
1238,0,0,1,0,1,1
1239,0,0,3,2,1,3
1240,0,0,3,0,0,3
1241,1,3,0,1,0,3
1242,0,2,3,3,0,3
1243,0,0,3,3,0,3
1244,0,3,3,0,2,3
1245,0,0,3,3,1,3
1246,0,0,4,3,1,0
1247,1,0,0,1,0,0
1248,1,2,3,1,0,0
1249,1,0,0,1,1,3
1250,0,3,0,3,0,4
1251,0,0,0,2,0,3
1252,0,3,0,3,1,3
1253,4,3,3,4,1,3
1254,0,2,3,4,1,3
1255,3,0,0,3,4,1
1256,0,3,1,3,0,1
1257,0,0,0,2,0,0
1258,1,2,3,1,0,3
1259,0,0,2,3,0,0
1260,0,4,3,0,2,4
1261,0,1,3,2,0,3
1262,1,1,3,1,0,3
1263,0,0,0,4,1,3
1264,0,2,0,3,0,4
1265,0,0,0,3,0,4
1266,0,0,1,2,0,0
1267,0,2,3,2,0,0
1268,0,0,3,3,1,3
1269,0,0,4,3,1,4
1270,0,3,1,2,3,3
1271,0,2,3,1,2,0
1272,0,2,3,0,0,3
1273,0,0,1,0,1,0
1274,0,0,2,2,0,0
1275,0,0,1,1,1,0
1276,0,2,3,0,3,0
1277,0,1,0,4,1,3
1278,0,2,3,2,1,1
1279,0,0,3,2,1,3
1280,0,1,3,1,1,4
1281,0,0,3,3,0,0
1282,0,2,3,2,1,3
1283,0,0,1,1,0,4
1284,0,0,1,0,1,0
1285,0,0,3,4,1,0
1286,0,1,1,1,0,0
1287,0,3,1,0,0,3
1288,0,2,3,0,3,3
1289,0,3,3,4,1,0
1290,1,3,0,1,1,0
1291,0,0,0,3,1,3
1292,0,0,1,3,0,0
1293,0,3,3,2,0,0
1294,0,0,1,1,1,0
1295,0,0,1,1,0,0
1296,0,1,0,3,0,4
1297,3,0,1,0,0,3
1298,0,2,3,0,2,4
1299,0,3,1,4,1,1
1300,1,0,3,1,0,0
1301,0,1,3,2,0,0
1302,0,0,0,4,1,0
1303,0,3,0,4,0,3
1304,0,0,0,3,0,0
1305,0,2,3,2,1,3
1306,3,3,3,3,0,4
1307,1,3,0,1,0,3
1308,0,2,1,3,1,0
1309,3,0,3,3,4,3
1310,1,2,3,1,0,3
1311,1,0,3,1,1,3
1312,0,3,3,1,0,3
1313,0,4,1,3,0,4
1314,1,3,3,1,0,3
1315,1,3,3,1,0,3
1316,3,0,1,2,4,0
1317,1,0,3,1,0,3
1318,0,3,3,1,1,4
1319,0,2,3,3,0,3
1320,0,3,0,3,1,3
1321,3,2,3,2,4,3
1322,0,0,3,4,0,3
1323,0,2,3,2,1,3
1324,0,0,0,0,1,1
1325,0,0,1,4,1,0
1326,0,0,0,2,0,3
1327,0,3,3,1,2,0
1328,0,0,3,4,0,0
1329,0,0,3,2,3,3
1330,0,0,3,2,0,3
1331,0,2,3,3,1,3
1332,0,3,4,3,0,0
1333,0,3,3,1,1,0
1334,0,0,4,2,0,3
1335,0,3,0,1,0,3
1336,3,0,1,0,4,0
1337,0,0,1,1,1,4
1338,0,0,1,2,0,0
1339,0,0,3,2,0,0
1340,0,3,1,0,1,0
1341,2,3,0,2,0,0
1342,0,0,1,2,0,3
1343,0,3,1,2,0,3
1344,0,0,1,3,0,0
1345,0,0,1,2,1,3
1346,0,0,1,3,1,0
1347,0,3,1,0,1,0
1348,0,3,0,3,0,4
1349,0,2,1,2,0,3
1350,0,2,1,0,0,0
1351,0,0,3,1,2,1
1352,3,0,3,4,1,3
1353,0,0,0,2,0,3
1354,0,0,1,2,0,3
1355,3,2,3,2,2,3
1356,0,2,3,2,0,1
1357,1,0,0,1,1,3
1358,0,0,1,1,1,0
1359,0,0,1,0,1,0
1360,0,0,3,4,1,3
1361,0,2,1,3,0,0
1362,0,0,3,3,0,4
1363,0,0,3,4,1,3
1364,0,1,3,0,0,0
1365,0,0,1,4,1,0
1366,0,2,1,4,1,3
1367,3,2,3,2,4,3
1368,2,2,0,2,0,0
1369,0,0,3,3,0,4
1370,0,0,1,3,0,3
1371,0,2,3,2,0,3
1372,0,3,0,2,0,3
1373,0,0,1,3,0,3
1374,0,3,3,4,0,0
1375,0,0,1,3,0,0
1376,0,3,1,0,0,0
1377,0,0,1,2,0,3
1378,0,0,3,4,1,0
1379,0,0,3,3,0,3
1380,0,3,1,2,0,3
1381,0,0,3,4,0,0
1382,0,3,3,3,0,3
1383,0,0,3,3,0,0
1384,2,3,0,2,0,0
1385,0,0,1,3,0,3
1386,3,3,1,4,1,0
1387,0,3,1,0,0,3
1388,0,3,1,0,0,3
1389,0,0,3,2,0,3
1390,0,0,3,4,0,0
1391,0,0,1,3,0,3
1392,1,0,3,1,0,0
1393,0,0,1,1,1,3
1394,0,1,1,0,0,0
1395,0,0,3,2,1,3
1396,3,0,3,3,4,0
1397,0,0,1,1,0,3
1398,0,0,3,3,0,3
1399,0,1,1,4,1,3
1400,0,0,0,3,0,3
1401,0,1,1,0,0,0
1402,0,2,4,0,0,1
1403,0,1,1,0,0,0
1404,2,0,1,0,0,3
1405,0,0,1,0,0,3
1406,0,3,3,2,0,0
1407,0,0,1,2,3,0
1408,2,3,0,2,0,3
1409,0,0,1,2,0,3
1410,0,1,1,0,0,0
1411,0,0,3,3,0,0
1412,2,2,0,2,0,0
1413,0,2,0,2,0,0
1414,0,0,3,4,1,0
1415,0,2,1,0,0,4
1416,0,0,3,0,1,3
1417,0,0,0,3,0,3
1418,0,2,3,3,1,0
1419,3,0,2,4,0,3
1420,0,0,3,4,1,3
1421,3,0,3,3,1,4
1422,0,0,2,4,0,3
1423,3,0,1,3,4,3
1424,0,3,1,3,1,0
1425,0,3,0,4,1,3
1426,0,1,3,3,0,4
1427,0,2,1,2,0,0
1428,0,0,3,2,0,3
1429,0,1,1,0,0,3
1430,0,0,3,2,3,0
1431,0,0,2,4,0,3
1432,0,0,3,1,1,3
1433,3,0,3,3,4,0
1434,0,0,1,3,0,4
1435,0,0,1,0,0,0
1436,0,0,1,0,0,4
1437,0,0,1,0,0,0
1438,1,0,3,1,0,3
1439,2,0,1,0,0,1
1440,0,2,1,3,1,1
1441,0,2,3,2,0,0
1442,0,0,1,2,0,0
1443,0,0,1,1,1,3
1444,1,0,3,1,0,3
1445,0,0,1,2,1,1
1446,0,3,1,2,0,3
1447,0,0,1,0,0,0
1448,1,0,0,1,1,0
1449,4,2,1,1,1,1
1450,3,0,1,0,3,1
1451,0,0,1,4,0,0
1452,2,0,1,0,0,4
1453,0,0,1,1,0,1
1454,0,0,1,1,1,0
1455,0,0,1,1,0,0
1456,3,0,1,2,4,4
1457,0,0,1,1,0,0
1458,0,3,1,0,0,0
1459,3,3,1,2,4,0
1460,0,0,1,3,1,4
1461,4,0,3,3,3,0
1462,0,3,1,0,0,4
1463,3,0,1,3,4,1
1464,0,0,1,2,0,1
1465,0,0,1,3,1,0
1466,3,2,1,1,1,4
1467,0,2,1,1,1,4
1468,3,3,1,4,1,0
1469,1,0,3,1,0,0
1470,0,0,1,2,0,1
1471,1,3,3,1,0,4
1472,0,3,3,2,0,0
1473,0,0,3,2,0,1
1474,0,0,1,2,3,1
1475,0,0,0,3,1,4
1476,4,0,1,3,3,0
1477,0,0,0,3,0,0
1478,1,0,0,1,0,3
1479,1,0,3,1,4,3
1480,0,0,1,2,0,4
1481,0,3,3,2,2,0
1482,0,0,1,3,0,0
1483,0,3,1,4,0,0
1484,3,3,1,2,4,1
1485,0,3,1,2,0,0
1486,3,0,3,4,1,0
1487,0,2,1,0,2,4
1488,3,3,1,0,0,3
1489,3,0,3,1,1,0
1490,0,0,1,2,0,1
1491,0,3,1,3,0,4
1492,0,2,1,0,1,1
1493,2,3,1,1,0,4
1494,3,2,1,2,4,1
1495,0,1,1,1,0,0
1496,0,0,1,3,1,0
1497,0,0,1,1,0,3
1498,0,3,1,1,0,1
1499,0,3,1,3,0,4
1500,3,0,1,0,4,0
1501,0,0,1,1,0,1
1502,0,2,1,1,0,1
1503,0,1,1,1,0,1
1504,0,0,3,4,1,0
1505,0,2,3,2,0,0
1506,3,1,1,2,0,1
1507,0,2,1,1,0,1
1508,0,3,1,1,0,1
1509,0,0,1,3,1,1
1510,0,0,3,2,1,4
1511,0,0,1,0,1,3
1512,0,0,1,1,0,0
1513,0,3,1,1,0,4
1514,2,0,1,1,0,1
1515,0,3,1,1,0,1
1516,3,3,1,1,4,0
1517,0,3,1,1,0,1
1518,0,3,1,1,0,1
1519,0,0,1,1,0,4
1520,0,3,1,1,0,1
1521,0,0,1,1,0,0
1522,0,2,1,1,0,1
1523,0,2,1,1,0,1
1524,0,0,1,4,0,3
1525,0,0,1,0,0,3
1526,0,2,1,0,0,3
1527,2,0,1,2,1,1
1528,0,0,1,3,0,0
1529,0,0,1,1,0,1
1530,0,0,1,3,1,0
1531,3,0,1,1,4,3
1532,0,0,0,0,3,0
1533,4,0,0,3,3,3
1534,0,0,1,1,0,4
1535,0,0,1,1,0,1
1536,2,0,1,4,0,0
1537,3,0,1,1,4,4
1538,3,0,1,1,4,0
1539,1,0,0,1,1,3
1540,2,0,1,2,0,0
1541,0,0,3,0,0,0
1542,3,0,1,4,4,3
1543,1,0,0,1,1,3
1544,0,0,1,3,0,1
1545,0,0,1,0,0,3
1546,0,0,1,4,1,1
1547,0,0,1,3,1,4
1548,1,3,3,1,0,3
1549,1,0,3,1,0,0
1550,0,0,1,3,1,0
1551,1,0,3,1,0,0
1552,2,3,1,0,4,4
1553,0,0,1,1,1,3
1554,1,0,3,1,0,0
1555,1,2,1,2,0,0
1556,0,2,1,0,0,0
1557,0,0,1,1,1,0
1558,2,0,1,1,0,0
1559,0,0,1,3,0,4
1560,0,0,1,2,0,0
1561,2,2,1,2,0,0
1562,0,0,1,4,3,3
1563,0,0,3,4,1,4
1564,0,3,1,3,1,3
1565,0,0,1,2,2,4
1566,0,2,1,4,0,1
1567,1,0,0,1,0,3
1568,0,0,1,2,0,4
1569,0,1,1,0,3,4
1570,0,0,3,2,0,3
1571,0,3,1,3,0,1
1572,2,1,1,2,4,4
1573,1,0,3,1,1,3
1574,0,0,1,1,0,0
1575,0,0,0,2,0,3
1576,0,0,3,2,1,3
1577,0,0,1,4,0,0
1578,0,0,1,1,2,4
1579,0,0,1,4,0,0
1580,3,0,1,3,2,1
1581,0,0,1,0,1,0
1582,0,0,1,0,0,4
1583,0,0,1,4,0,4
1584,0,3,1,3,0,3
1585,0,0,1,1,0,3
1586,0,0,1,0,0,4
1587,3,0,1,0,4,4
1588,0,0,1,3,0,4
1589,0,3,1,4,1,4
1590,0,0,1,1,0,1
1591,0,3,1,3,0,1
1592,0,3,1,3,0,0
1593,3,3,1,0,4,4
1594,3,3,1,1,4,4
1595,0,3,1,2,0,1
1596,3,3,1,0,0,1
1597,3,3,1,2,0,1
1598,0,0,3,4,1,4
1599,0,3,1,3,1,4
1600,0,3,1,2,0,4
1601,3,0,3,2,0,4
1602,1,0,3,1,0,0
1603,1,3,3,1,0,3
1604,3,4,1,2,4,0
1605,0,0,3,2,0,3
1606,0,0,3,2,0,0
1607,0,0,0,2,0,4
1608,0,0,1,1,0,4
1609,0,0,0,3,0,0
1610,0,0,0,3,0,0
1611,0,2,1,3,0,0
1612,0,2,3,2,0,1
1613,0,0,3,3,0,0
1614,0,0,1,2,0,0
1615,1,0,0,1,0,3
1616,0,0,1,1,1,3
1617,3,0,1,4,1,0
1618,3,0,3,3,4,1
1619,3,2,3,2,4,4
1620,0,0,1,4,0,4
1621,0,2,1,4,1,0
1622,0,0,3,2,1,4
1623,0,2,1,3,1,4
1624,0,2,1,0,0,1
1625,2,0,1,0,0,3
1626,0,0,1,0,2,4
1627,0,2,1,1,1,4
1628,0,0,1,3,0,0
1629,0,0,1,0,0,3
1630,0,3,1,2,1,0
1631,0,2,1,1,0,1
1632,0,1,1,2,0,4
1633,0,0,1,4,1,0
1634,0,2,1,0,0,4
1635,3,3,1,1,1,4
1636,0,2,1,2,0,4
1637,0,0,1,0,0,0
1638,3,2,1,3,1,4
1639,0,3,1,0,1,0
1640,0,3,1,0,3,1
1641,0,0,1,4,1,0
1642,0,3,1,2,0,4
1643,0,0,1,0,1,0
1644,0,2,1,4,0,4
1645,0,3,1,2,0,0
1646,0,0,1,2,0,0
1647,3,2,1,3,3,4
1648,0,3,1,2,1,4
1649,3,0,1,2,1,0
1650,0,2,1,1,0,1
1651,3,3,1,3,2,4
1652,0,0,2,4,0,1
1653,0,0,0,4,1,4
1654,0,0,1,4,0,4
1655,0,3,1,1,1,1
1656,3,3,1,2,4,4
1657,0,0,3,3,0,0
1658,3,0,1,0,4,1
1659,0,0,3,2,0,3
1660,0,2,1,2,0,1
1661,0,0,4,2,0,1
1662,0,0,0,2,0,0
1663,0,2,1,3,0,1
1664,0,0,1,3,3,3
1665,0,0,4,2,0,4
1666,3,0,3,4,1,0
1667,0,0,3,2,0,4
1668,0,1,1,1,0,0
1669,0,1,1,2,3,1
1670,0,0,1,3,0,0
1671,0,0,1,1,0,1
1672,2,1,1,0,0,4
1673,0,1,1,2,2,0
1674,0,0,1,1,0,0
1675,0,3,1,0,0,1
1676,0,0,1,1,0,0
1677,0,0,1,4,1,0
1678,1,3,0,1,0,3
1679,1,0,0,1,1,3
1680,1,2,3,1,0,3
1681,0,0,1,0,0,4
1682,2,0,1,1,0,0
1683,0,0,1,1,0,3
1684,0,0,1,1,0,3
1685,0,0,3,2,0,4
1686,0,3,3,1,0,3
1687,0,2,1,0,0,3
1688,0,0,3,2,0,4
1689,0,3,1,0,1,3
1690,0,0,1,2,0,0
1691,2,3,1,2,0,0
1692,1,0,3,1,0,0
1693,0,3,1,0,0,4
1694,0,0,1,2,3,1
1695,0,2,1,0,3,1
1696,0,3,1,0,1,0
1697,0,0,1,2,0,0
1698,0,0,1,4,0,4
1699,0,3,1,2,1,3
1700,0,3,1,2,1,3
1701,1,0,3,1,0,3
1702,1,3,0,1,0,3
1703,0,3,3,2,1,0
1704,0,1,3,2,0,3
1705,0,2,3,2,0,3
1706,0,2,3,4,0,0
1707,0,2,3,2,0,4
1708,1,0,3,1,0,3
1709,3,0,1,2,3,0
1710,0,2,1,1,0,0
1711,0,3,3,2,0,4
1712,0,3,3,3,0,4
1713,0,0,3,2,0,0
1714,0,3,3,3,0,0
1715,0,1,3,2,0,3
1716,0,2,0,3,0,4
1717,0,0,3,2,3,0
1718,1,0,3,1,0,3
1719,0,3,3,2,0,4
1720,0,2,3,3,0,1
1721,0,3,3,3,0,4
1722,2,3,1,0,0,0
1723,0,1,1,2,1,0
1724,0,0,0,3,0,3
1725,0,0,3,2,0,3
1726,0,2,3,2,0,0
1727,3,0,1,4,2,0
1728,3,0,0,2,4,0
1729,0,3,1,1,0,0
1730,2,0,1,1,0,1
1731,0,1,1,4,1,0
1732,0,0,3,4,1,0
1733,0,3,3,2,0,0
1734,0,0,1,0,0,0
1735,0,3,3,3,0,4
1736,0,3,1,1,0,3
1737,0,3,3,3,2,0
1738,0,3,3,2,1,0
1739,0,0,1,3,0,0
1740,0,0,1,2,0,0
1741,0,2,3,2,0,0
1742,0,3,3,3,0,0
1743,0,3,3,3,1,0
1744,0,3,1,3,0,0
1745,3,0,3,3,4,0
1746,0,0,1,2,1,1
1747,0,1,1,0,0,3
1748,0,1,1,2,0,3
1749,0,0,1,2,2,3
1750,0,0,3,4,1,3
1751,0,3,1,0,1,0
1752,3,3,1,3,1,0
1753,0,0,1,3,1,0
1754,0,0,1,1,0,0
1755,2,0,1,0,4,0
1756,0,3,1,1,0,3
1757,3,0,1,2,4,3
1758,0,0,1,3,1,4
1759,0,0,3,2,0,0
1760,0,1,1,0,0,0
1761,0,3,3,2,0,0
1762,0,4,1,2,0,0
1763,0,1,0,3,0,0
1764,0,2,3,2,0,0
1765,0,0,1,2,0,3
1766,0,3,1,0,0,0
1767,1,3,3,1,1,0
1768,0,0,3,2,0,3
1769,3,1,3,3,1,0
1770,1,1,3,1,1,0
1771,3,3,1,3,1,0
1772,0,1,3,4,0,0
1773,0,4,3,3,0,4
1774,0,0,3,3,0,0
1775,3,2,1,2,1,0
1776,0,1,3,2,0,0
1777,0,2,3,3,0,1
1778,0,1,3,3,0,4
1779,0,3,3,3,0,0
1780,0,0,3,3,0,0
1781,1,0,3,1,0,3
1782,0,4,3,2,0,0
1783,0,3,3,3,0,0
1784,0,0,3,4,1,0
1785,1,1,3,1,0,3
1786,0,3,1,2,0,3
1787,1,0,3,1,0,3
1788,0,3,3,2,1,0
1789,0,2,1,4,1,0
1790,1,0,3,1,1,3
1791,0,1,1,4,1,0
1792,0,2,3,4,1,4
1793,2,3,0,2,0,0
1794,1,0,0,1,0,3
1795,0,3,1,3,1,3
1796,0,1,3,2,1,0
1797,1,0,3,1,1,3
1798,0,0,3,2,0,3
1799,0,4,0,3,0,4
1800,1,3,3,1,0,3
1801,0,0,1,4,1,0
1802,3,0,0,3,4,0
1803,1,3,3,1,4,3
1804,0,3,0,2,0,4
1805,0,3,3,2,1,0
1806,1,2,0,1,0,0
1807,0,3,1,0,0,4
1808,1,3,0,1,1,0
1809,1,0,3,1,0,3
1810,1,3,0,1,0,0
1811,0,0,4,2,0,4
1812,0,0,3,2,0,0
1813,0,0,0,3,0,0
1814,0,3,3,3,0,3
1815,0,1,1,0,0,0
1816,0,2,1,4,0,0
1817,0,3,3,2,0,0
1818,0,3,1,2,0,0
1819,0,1,1,1,0,0
1820,3,0,3,2,4,4
1821,0,3,3,4,1,3
1822,0,0,3,2,0,0
1823,1,0,3,1,0,3
1824,2,3,0,2,0,0
1825,0,0,3,2,0,0
1826,1,2,3,1,0,4
1827,0,0,1,4,1,3
1828,0,0,3,3,0,0
1829,1,0,0,1,1,0
1830,0,3,3,3,0,0
1831,0,0,0,4,0,0
1832,1,3,3,1,0,3
1833,0,2,3,2,0,3
1834,0,0,3,0,1,0
1835,0,1,3,2,0,3
1836,1,2,3,1,0,0
1837,1,2,3,1,0,3
1838,0,2,1,1,1,3
1839,0,2,3,4,1,4
1840,0,0,1,2,1,3
1841,1,0,0,1,1,3
1842,3,3,1,2,0,0
1843,0,0,3,3,0,0
1844,0,3,3,2,0,3
1845,0,0,0,2,0,0
1846,0,2,3,3,0,0
1847,0,4,3,2,0,4
1848,0,0,1,3,1,3
1849,1,0,3,1,4,3
1850,0,1,1,3,0,0
1851,0,0,1,2,0,4
1852,3,0,4,4,4,1
1853,0,3,1,1,0,3
1854,1,0,3,1,0,4
1855,3,0,3,2,4,4
1856,0,3,4,3,0,1
1857,1,2,3,1,0,3
1858,3,0,3,4,4,0
1859,0,0,1,3,0,0
1860,0,4,3,4,0,0
1861,0,0,1,3,0,3
1862,1,3,0,1,1,3
1863,0,1,3,2,0,0
1864,1,0,3,1,1,3
1865,0,3,1,1,0,3
1866,1,0,3,1,1,3
1867,0,3,3,2,0,3
1868,0,3,3,1,1,3
1869,0,3,3,2,1,3
1870,0,0,3,4,1,1
1871,0,0,1,4,1,3
1872,1,1,3,1,0,4
1873,1,1,3,1,1,3
1874,0,3,3,4,0,4
1875,0,0,3,3,0,3
1876,1,0,3,1,0,3
1877,1,0,3,1,0,4
1878,0,2,1,1,1,3
1879,0,1,3,3,0,3
1880,3,0,3,3,4,0
1881,0,3,3,3,0,3
1882,0,0,3,3,1,3
1883,1,0,0,1,1,0
1884,0,2,1,0,0,0
1885,0,3,1,0,1,4
1886,0,0,3,3,0,0
1887,0,2,1,2,0,0
1888,0,0,0,3,0,0
1889,0,0,0,3,0,0
1890,0,4,3,2,0,0
1891,0,3,3,2,0,0
1892,0,2,3,3,0,3
1893,0,3,3,2,0,0
1894,2,3,1,4,0,0
1895,0,3,1,0,0,0
1896,3,2,0,3,4,0
1897,0,0,1,1,0,4
1898,1,1,3,1,0,3
1899,0,0,0,3,0,0
1900,0,3,1,2,0,0
1901,0,4,3,3,0,0
1902,0,0,4,2,0,1
1903,0,0,3,3,0,4
1904,0,3,3,4,1,3
1905,3,2,1,2,0,0
1906,1,2,3,1,0,3
1907,0,2,3,3,0,0
1908,0,0,1,2,3,3
1909,0,1,3,3,0,0
1910,1,0,3,1,0,0
1911,0,0,3,4,0,0
1912,0,3,0,3,0,0
1913,0,0,3,2,0,3
1914,0,0,1,4,1,0
1915,0,3,3,4,1,4
1916,0,0,3,2,1,3
1917,0,0,0,4,0,0
1918,0,0,1,2,2,0
1919,0,1,1,3,1,3
1920,0,3,3,4,1,3
1921,0,2,0,4,0,3
1922,3,0,1,2,1,3
1923,0,3,0,3,0,0
1924,0,3,1,2,1,0
1925,0,4,3,2,0,0
1926,3,3,0,4,1,4
1927,0,4,3,3,0,4
1928,0,3,0,4,0,3
1929,0,0,1,4,1,3
1930,0,0,1,0,0,3
1931,3,0,4,2,4,1
1932,0,2,1,3,2,0
1933,0,2,1,3,0,4
1934,0,0,1,0,1,3
1935,0,1,3,2,0,0
1936,3,0,0,3,4,0
1937,0,1,3,3,0,0
1938,0,2,1,3,0,1
1939,0,1,3,2,0,3
1940,0,0,3,3,0,3
1941,0,0,2,0,0,1
1942,0,0,3,2,0,3
1943,0,0,3,4,1,4
1944,0,3,1,1,0,3
1945,0,3,3,2,0,0
1946,3,2,1,0,0,0
1947,3,2,1,0,0,3
1948,0,2,1,3,0,3
1949,0,0,3,3,0,4
1950,1,3,1,1,0,0
1951,0,0,1,0,0,0
1952,3,0,3,3,4,0
1953,0,1,1,2,0,3
1954,0,1,1,2,0,3
1955,0,3,1,1,0,1
1956,3,3,1,2,4,3
1957,0,0,1,4,0,0
1958,0,3,1,2,0,3
1959,0,0,1,0,0,0
1960,0,0,1,2,0,3
1961,0,0,1,2,0,0
1962,0,1,1,3,0,0
1963,0,2,1,2,0,3
1964,1,3,3,1,0,0
1965,0,3,3,4,0,3
1966,0,0,1,4,0,0
1967,0,2,1,2,0,3
1968,1,2,1,1,0,3
1969,0,2,3,3,1,0
1970,3,1,1,3,0,1
1971,3,3,1,2,0,3
1972,0,0,1,0,0,0
1973,0,3,1,0,1,0
1974,3,2,1,4,1,0
1975,0,0,3,2,0,0
1976,0,3,1,0,0,4
1977,0,1,1,4,1,0
1978,3,0,1,0,4,4
1979,0,3,1,1,0,3
1980,0,3,1,0,0,3
1981,0,0,1,4,0,0
1982,0,2,1,3,0,0
1983,2,3,1,2,4,3
1984,0,0,1,3,1,1
1985,0,3,3,2,0,3
1986,0,3,1,0,0,0
1987,0,0,1,3,1,4
1988,0,2,1,1,0,1
1989,0,0,1,1,0,4
1990,0,0,1,4,1,3
1991,1,1,3,1,1,0
1992,1,3,0,1,0,3
1993,0,3,1,3,0,3
1994,0,1,1,0,0,0
1995,3,0,1,2,4,1
1996,3,0,3,3,4,0
1997,0,3,1,3,0,0
1998,1,3,3,1,1,3
1999,0,0,1,1,0,4
2000,0,2,1,0,0,4
2001,0,0,3,3,0,0
2002,0,0,1,1,0,4
2003,3,3,1,0,0,4
2004,3,1,1,2,4,0
2005,0,2,1,1,0,1
2006,0,2,1,1,0,0
2007,2,2,3,2,0,0
2008,0,0,1,4,0,4
2009,0,3,1,2,0,4
2010,0,0,1,4,0,0
2011,0,4,3,2,0,0
2012,0,0,1,0,0,0
2013,0,2,1,3,0,3
2014,3,2,1,4,4,1
2015,3,0,3,3,0,1
2016,3,3,1,1,0,1
2017,0,0,1,1,0,4
2018,0,2,1,2,0,0
2019,0,0,1,4,0,4
2020,0,0,1,3,1,0
2021,0,0,1,0,0,0
2022,0,0,1,1,3,3
2023,0,0,1,3,0,0
2024,0,3,1,4,0,0
2025,0,2,0,3,0,0
2026,0,3,1,0,0,3
2027,1,3,3,1,0,3
2028,0,3,1,3,0,3
2029,0,1,3,2,0,0
2030,0,0,0,3,1,0
2031,3,2,1,2,4,1
2032,0,0,3,2,1,3
2033,0,3,3,4,0,4
2034,3,2,1,4,4,1
2035,3,3,1,0,4,1
2036,3,0,1,3,4,1
2037,0,1,1,1,0,1
2038,0,1,1,4,1,1
2039,0,3,1,0,1,0
2040,3,0,1,4,1,0
2041,0,0,1,0,0,0
2042,0,3,1,0,0,3
2043,0,0,1,1,0,0
2044,2,0,1,1,0,0
2045,1,3,3,1,0,3
2046,3,3,1,4,1,1
2047,0,3,1,2,0,4
2048,1,0,0,1,1,3
2049,0,3,1,2,0,3
2050,1,3,3,1,1,0
2051,3,2,1,0,0,0
2052,0,0,1,2,0,3
2053,0,0,1,4,1,4
2054,0,0,3,2,0,0
2055,0,2,1,4,1,4
2056,0,0,1,0,0,4
2057,0,0,3,3,0,3
2058,0,0,0,2,0,3
2059,1,0,3,1,0,3
2060,0,3,1,0,0,3
2061,3,2,1,0,0,0
2062,0,1,1,2,0,4
2063,0,3,3,2,0,0
2064,0,3,1,0,0,3
2065,3,2,1,4,0,1
2066,0,0,2,4,0,3
2067,0,3,0,3,0,0
2068,0,3,1,3,0,0
2069,4,0,3,4,1,0
2070,0,2,1,0,0,0
2071,0,0,1,3,1,0
2072,0,2,1,2,1,0
2073,2,3,1,3,0,0
2074,3,3,1,1,4,0
2075,0,3,2,4,0,3
2076,0,1,3,2,0,0
2077,0,0,1,0,0,3
2078,0,0,3,2,0,3
2079,0,2,3,2,0,3
2080,0,0,0,3,0,0
2081,0,2,3,3,0,0
2082,0,0,0,3,1,4
2083,0,1,3,2,0,0
2084,0,3,3,2,0,3
2085,0,3,3,2,0,0
2086,0,2,1,2,1,3
2087,0,2,3,3,0,3
2088,0,2,3,3,0,4
2089,0,0,0,4,0,3
2090,3,2,3,3,4,4
2091,2,2,3,2,0,0
2092,0,3,1,0,0,3
2093,1,0,1,1,0,0
2094,3,0,1,2,4,1
2095,0,2,1,2,0,4
2096,0,2,1,1,0,4
2097,0,0,1,0,0,4
2098,1,0,3,1,0,3
2099,0,3,2,4,0,3
2100,0,0,1,2,1,3
2101,0,3,1,3,0,3
2102,0,3,1,0,0,3
2103,0,0,1,4,1,3
2104,0,3,1,1,0,4
2105,1,2,3,1,0,0
2106,3,3,0,3,4,0
2107,0,1,0,3,0,4
2108,3,0,0,3,4,0
2109,2,0,1,0,0,3
2110,0,0,0,2,0,3
2111,0,0,4,0,0,3
2112,1,2,3,1,0,3
2113,0,0,3,2,0,0
2114,0,1,0,3,1,0
2115,0,1,1,0,0,0
2116,0,0,1,2,0,0
2117,0,0,1,0,1,3
2118,0,0,3,4,1,3
2119,3,0,1,2,4,0
2120,0,3,1,0,0,3
2121,0,3,1,0,0,3
2122,0,0,3,2,1,0
2123,0,3,1,1,0,3
2124,3,0,1,2,1,0
2125,0,0,1,2,0,3
2126,3,2,1,0,4,4
2127,0,3,1,2,0,3
2128,0,2,1,0,0,3
2129,0,1,1,1,0,0
2130,0,0,1,1,0,1
2131,0,2,1,1,0,3
2132,0,0,1,0,0,3
2133,0,1,1,1,0,3
2134,0,0,1,1,0,3
2135,3,1,1,0,0,4
2136,0,3,1,0,1,3
2137,0,0,1,2,2,0
2138,0,2,1,2,2,4
2139,3,3,1,3,4,4
2140,0,3,1,3,0,0
2141,0,1,1,4,2,1
2142,0,0,0,3,0,0
2143,0,0,3,4,1,4
2144,1,2,0,1,1,0
2145,0,0,0,4,0,1
2146,1,0,3,1,0,3
2147,0,3,1,2,0,4
2148,1,3,0,1,0,0
2149,0,0,3,0,1,0
2150,0,3,1,2,0,0
2151,0,0,1,1,1,4
2152,0,0,1,1,0,0
2153,0,3,1,0,0,4
2154,0,3,1,0,0,0
2155,2,0,1,1,0,1
2156,2,1,1,2,0,4
2157,0,0,1,2,0,4
2158,0,2,3,2,0,0
2159,0,3,3,3,0,0
2160,1,0,3,1,0,3
2161,1,0,3,1,1,0
2162,0,0,1,2,0,1
2163,0,2,3,3,1,0
2164,0,2,1,1,0,3
2165,0,0,1,2,0,3
2166,1,0,0,1,1,3
2167,1,3,3,1,0,3
2168,1,3,3,1,0,3
2169,1,0,0,1,1,3
2170,0,0,1,4,0,0
2171,0,0,1,2,0,0
2172,0,2,1,0,0,3
2173,3,0,1,2,1,0
2174,0,2,1,2,0,0
2175,3,3,1,3,4,0
2176,0,1,1,1,0,3
2177,1,3,0,1,1,3
2178,0,0,1,3,0,0
2179,1,0,3,1,0,3
2180,0,1,1,0,0,0
2181,0,0,3,3,0,0
2182,0,3,1,3,0,4
2183,3,3,1,2,2,4
2184,3,2,1,0,4,4
2185,0,0,1,2,0,4
2186,0,3,1,4,0,1
2187,1,1,3,1,0,3
2188,0,2,1,2,0,4
2189,0,2,3,2,0,3
2190,3,3,1,3,1,4
2191,0,2,1,3,0,4
2192,0,3,1,2,0,1
2193,0,3,1,3,0,1
2194,1,3,3,1,0,3
2195,0,2,1,2,0,3
2196,0,0,1,4,2,0
2197,0,0,1,2,2,3
2198,0,3,1,3,0,4
2199,0,3,1,3,0,4
2200,3,3,1,3,0,4
2201,0,0,1,1,1,0
2202,0,3,1,1,0,0
2203,0,2,3,2,0,4
2204,0,3,1,4,1,1
2205,0,3,1,2,2,4
2206,3,3,1,0,4,0
2207,0,2,1,2,2,1
2208,1,0,3,1,0,3
2209,0,0,1,2,1,4
2210,0,3,1,0,3,0
2211,0,2,1,1,0,0
2212,0,3,1,3,1,3
2213,1,3,3,1,0,3
2214,0,0,1,3,0,0
2215,0,0,1,3,1,0
2216,0,3,1,2,1,4
2217,0,3,3,3,0,4
2218,0,0,1,1,0,3
2219,2,0,0,2,0,0
2220,0,0,1,0,0,3
2221,0,0,3,0,0,3
2222,0,3,1,4,0,0
2223,0,0,3,2,0,3
2224,0,0,1,1,0,4
2225,0,0,3,3,0,4
2226,0,2,1,3,1,4
2227,0,3,0,2,0,4
2228,1,0,3,1,0,3
2229,0,0,0,3,0,4
2230,3,0,1,4,2,0
2231,3,0,3,3,4,3
2232,0,2,3,3,0,0
2233,0,0,1,4,2,0
2234,0,0,1,4,2,0
2235,3,3,1,4,2,0
2236,0,0,1,0,0,0
2237,0,0,1,4,1,3
2238,0,0,1,0,1,0
2239,0,0,3,2,0,3
2240,0,0,1,4,1,0
2241,0,0,0,4,0,4
2242,3,3,1,4,2,4
2243,0,3,1,0,0,0
2244,1,3,3,1,1,0
2245,1,0,3,1,0,3
2246,3,3,1,0,4,3
2247,0,0,3,2,0,0
2248,0,0,1,4,0,0
2249,1,0,1,2,4,0
2250,3,3,1,4,1,3
2251,0,0,1,2,3,0
2252,0,0,1,0,0,0
2253,0,0,1,2,0,4
2254,3,0,1,4,2,0
2255,0,0,1,3,1,3
2256,3,0,1,4,2,0
2257,0,0,3,3,0,0
2258,0,3,1,3,0,4
2259,0,0,0,2,0,0
2260,0,3,3,3,1,0
2261,3,0,1,4,4,1
2262,1,3,3,1,0,3
2263,0,3,1,2,0,0
2264,0,0,1,0,0,4
2265,0,0,1,4,2,0
2266,0,0,3,4,1,3
2267,0,0,3,3,0,0
2268,0,0,3,0,3,3
2269,0,3,3,4,1,4
2270,2,2,1,1,0,1
2271,0,0,1,4,1,0
2272,1,0,0,1,1,3
2273,0,2,1,0,0,1
2274,0,3,1,1,0,0
2275,0,0,1,4,0,0
2276,3,2,1,4,1,0
2277,0,2,1,0,0,0
2278,0,0,1,1,0,0
2279,0,3,1,1,1,3
2280,0,0,3,4,1,3
2281,0,3,1,4,1,3
2282,1,0,3,1,0,3
2283,0,2,1,0,0,4
2284,0,3,1,0,1,3
2285,0,0,1,4,0,1
2286,0,1,3,2,1,3
2287,3,0,1,2,4,0
2288,0,0,3,4,0,0
2289,3,2,1,1,4,1
2290,0,3,1,2,0,3
2291,3,0,1,0,4,4
2292,3,3,1,1,4,4
2293,0,2,1,2,0,3
2294,0,3,1,0,0,4
2295,0,3,1,1,0,1
2296,3,3,1,0,4,4
2297,0,0,1,4,0,1
2298,0,3,1,2,1,4
2299,3,0,1,1,4,4
2300,3,0,3,2,1,3
2301,0,3,1,4,1,0
2302,0,0,1,3,1,4
2303,0,0,3,2,0,1
2304,0,2,1,4,0,4
2305,3,0,1,0,1,1
2306,2,3,1,1,0,1
2307,0,0,1,2,0,0
2308,0,3,1,0,0,1
2309,3,3,1,0,4,1
2310,0,3,1,3,1,1
2311,0,0,1,2,1,3
2312,0,3,1,0,0,0
2313,0,3,1,2,0,4
2314,0,3,1,4,1,4
2315,2,3,1,1,0,1
2316,3,1,1,3,1,4
2317,0,0,1,4,0,4
2318,0,2,1,1,1,1
2319,0,2,1,0,0,1
2320,0,3,1,4,0,0
2321,0,1,1,1,1,1
2322,3,2,1,1,0,1
2323,2,0,1,1,0,3
2324,0,3,1,3,0,1
2325,0,3,1,3,0,1
2326,0,2,1,3,0,1
2327,2,0,1,4,0,4
2328,0,0,1,2,0,1
2329,0,2,1,1,1,0
2330,0,0,1,4,1,3
2331,0,3,3,3,0,0
2332,0,0,1,4,1,3
2333,0,2,3,2,1,4
2334,0,2,1,3,0,3
2335,0,0,1,3,0,3
2336,0,3,1,2,0,4
2337,3,3,1,1,4,4
2338,0,2,1,3,0,1
2339,0,0,1,3,0,0
2340,0,0,3,4,1,3
2341,0,2,1,3,0,3
2342,0,0,1,1,1,0
2343,1,0,1,2,0,0
2344,0,0,3,3,0,1
2345,0,2,1,2,1,4
2346,2,3,1,1,0,4
2347,0,0,1,2,1,4
2348,3,0,1,0,4,0
2349,0,3,1,2,0,4
2350,0,0,3,0,3,4
2351,2,3,1,1,0,4
2352,3,0,1,2,4,0
2353,0,0,3,0,0,4
2354,3,0,1,2,4,0
2355,1,0,0,1,1,3
2356,1,3,3,1,0,3
2357,1,0,0,1,1,0
2358,1,0,0,1,1,3
2359,0,0,4,4,0,1
2360,1,0,3,1,0,3
2361,0,0,3,2,0,0
2362,0,3,1,4,0,1
2363,0,3,1,4,1,4
2364,0,0,1,2,0,0
2365,0,0,0,3,0,4
2366,0,0,0,4,0,3
2367,0,3,0,2,1,3
2368,0,3,1,4,0,1
2369,0,1,1,0,0,3
2370,0,2,1,3,0,3
2371,3,1,1,3,0,3
2372,3,2,1,3,0,0
2373,3,4,1,4,0,4
2374,3,4,1,3,4,0
2375,1,0,3,1,0,3
2376,3,2,0,3,0,0
2377,0,0,3,2,0,3
2378,0,1,3,0,0,3
2379,0,0,3,3,0,0
2380,3,1,1,0,0,3
2381,0,2,1,3,1,3
2382,0,3,3,0,0,3
2383,0,2,1,3,1,3
2384,0,2,1,2,0,3
2385,0,0,1,3,1,3
2386,0,0,3,3,0,0
2387,0,0,1,3,1,3
2388,3,2,1,2,2,0
2389,0,0,1,3,0,3
2390,0,0,1,3,0,3
2391,0,0,1,0,0,3
2392,0,0,1,3,0,3
2393,0,0,1,3,0,3
2394,0,0,3,2,0,3
2395,0,2,1,0,1,3
2396,0,0,1,3,0,3
2397,0,0,1,0,2,3
2398,3,0,1,3,4,3
2399,0,3,3,0,0,3
2400,0,3,3,3,0,0
2401,0,3,1,0,0,3
2402,3,0,1,3,4,3
2403,0,0,1,3,0,3
2404,0,1,3,3,0,4
2405,0,3,1,0,0,3
2406,0,2,1,0,0,3
2407,0,0,1,3,0,3
2408,0,0,1,3,0,3
2409,0,0,1,3,0,0
2410,3,1,3,0,4,3
2411,0,2,1,0,0,3
2412,3,2,3,2,1,0
2413,0,2,1,0,0,3
2414,0,3,3,4,1,3
2415,0,0,3,2,0,0
2416,0,0,1,3,0,0
2417,0,0,1,0,0,3
2418,0,0,1,3,0,3
2419,0,0,1,3,0,0
2420,3,1,1,0,1,4
2421,0,0,1,3,2,0
2422,0,3,0,3,0,0
2423,1,0,0,1,1,0
2424,0,0,1,3,0,3
2425,0,3,1,0,1,3
2426,0,0,1,3,0,0
2427,3,0,1,0,4,3
2428,3,0,1,3,0,0
2429,2,2,0,2,0,0
2430,0,0,1,2,2,0
2431,0,3,1,3,0,3
2432,3,0,1,3,4,3
2433,0,0,3,0,0,4
2434,0,0,1,2,2,3
2435,0,0,1,2,0,0
2436,0,1,1,2,1,3
2437,0,0,1,1,0,3
2438,0,0,3,3,0,0
2439,0,0,3,3,1,0
2440,0,0,0,4,1,3
2441,0,3,3,2,1,3
2442,0,3,1,2,0,3
2443,0,0,1,3,0,3
2444,0,0,1,3,0,4
2445,0,3,0,3,0,0
2446,0,0,1,3,0,3
2447,0,3,3,3,0,4
2448,0,0,0,3,0,0
2449,1,0,3,1,0,3
2450,3,0,1,3,4,3
2451,0,0,0,3,0,0
2452,0,0,1,4,0,0
2453,0,3,1,2,0,0
2454,0,0,1,3,0,3
2455,0,0,3,2,0,0
2456,0,0,1,4,1,0
2457,0,3,3,3,0,0
2458,0,2,3,0,0,3
2459,0,0,1,3,1,0
2460,0,3,1,0,0,3
2461,3,0,1,0,4,3
2462,0,2,1,2,0,3
2463,3,0,1,4,1,0
2464,1,3,3,1,0,3
2465,1,0,0,1,0,0
2466,0,3,3,3,0,4
2467,0,3,3,3,0,4
2468,0,3,3,4,1,3
2469,0,0,1,4,0,3
2470,0,3,3,2,0,0
2471,1,0,3,1,0,3
2472,4,0,1,0,3,0
2473,0,3,3,4,1,3
2474,1,0,3,1,0,3
2475,1,0,0,1,0,3
2476,3,2,1,0,1,0
2477,0,3,1,0,1,4
2478,3,0,1,4,0,0
2479,0,0,1,0,0,4
2480,0,3,1,0,0,1
2481,2,0,1,1,0,1
2482,0,1,1,0,0,1
2483,2,0,1,1,0,4
2484,0,3,1,0,0,4
2485,0,3,1,1,0,1
2486,2,3,1,1,0,4
2487,3,0,1,3,4,0
2488,0,0,1,0,0,1
2489,0,3,1,0,0,1
2490,2,3,1,4,0,0
2491,2,3,1,4,4,1
2492,2,3,1,4,0,1
2493,0,0,1,0,0,1
2494,2,3,1,4,0,1
2495,0,0,1,0,0,4
2496,0,0,1,1,0,0
2497,0,0,1,2,0,4
2498,2,2,1,4,0,4
2499,2,2,1,4,4,4
2500,3,0,1,2,4,0
2501,3,0,1,2,1,3
2502,0,0,1,0,0,0
2503,3,0,1,3,1,0
2504,0,3,1,3,0,3
2505,3,0,1,4,0,1
2506,3,3,1,3,0,4
2507,0,3,1,3,0,4
2508,0,0,4,3,1,3
2509,0,0,1,1,1,3
2510,0,0,3,1,1,3
2511,3,0,1,1,1,4
2512,0,0,0,3,0,0
2513,0,0,0,3,0,0
2514,0,0,0,3,0,3
2515,4,0,3,3,3,0
2516,0,0,3,4,1,3
2517,0,2,1,0,0,0
2518,0,2,1,0,0,4
2519,0,1,1,0,0,4
2520,0,0,1,2,1,0
2521,0,0,1,4,0,0
2522,1,3,3,1,0,0
2523,0,2,1,1,1,3
2524,0,0,1,3,0,0
2525,0,0,1,4,1,4
2526,1,0,3,1,0,0
2527,0,0,3,1,1,3
2528,0,2,1,0,3,1
2529,1,3,3,1,0,3
2530,0,3,1,0,0,0
2531,1,3,3,1,0,3
2532,0,0,1,2,0,4
2533,0,0,3,2,1,0
2534,0,3,1,0,1,4
2535,0,0,3,4,1,0
2536,1,2,3,1,0,4
2537,0,3,1,0,1,3
2538,1,0,3,1,1,3
2539,0,1,1,1,0,4
2540,0,2,1,1,0,1
2541,2,0,1,2,0,4
2542,3,3,1,1,4,1
2543,0,3,1,0,1,4
2544,3,2,1,1,0,1
2545,1,0,1,2,0,0
2546,3,1,1,1,0,1
2547,0,1,1,1,0,4
2548,0,3,1,4,0,4
2549,1,3,3,1,0,3
2550,0,0,1,0,1,3
2551,3,3,1,0,1,1
2552,0,0,1,4,1,4
2553,0,3,1,0,1,1
2554,0,0,1,0,0,0
2555,0,0,1,0,0,1
2556,0,1,1,1,0,1
2557,2,0,1,2,4,0
2558,0,0,1,4,0,0
2559,3,1,1,1,0,1
2560,0,0,1,3,3,4
2561,0,0,1,1,0,4
2562,3,3,1,1,0,1
2563,0,1,3,3,0,4
2564,0,0,1,2,0,0
2565,0,3,3,3,1,0
2566,0,3,1,0,0,1
2567,0,0,1,0,1,4
2568,0,0,1,0,1,4
2569,0,0,1,1,0,1
2570,0,3,1,1,0,1
2571,0,0,1,0,1,1
2572,3,3,1,1,4,4
2573,3,0,1,0,1,1
2574,0,1,1,2,0,0
2575,0,0,1,1,0,4
2576,3,0,1,0,1,1
2577,0,0,1,0,3,3
2578,0,2,1,0,1,1
2579,0,0,1,2,2,1
2580,3,3,1,0,1,1
2581,0,0,1,1,0,1
2582,3,1,1,1,4,1
2583,0,1,1,0,0,4
2584,2,0,1,1,0,1
2585,0,0,1,0,1,0
2586,0,1,1,1,0,1
2587,0,2,1,1,0,4
2588,0,3,1,1,0,1
2589,0,3,1,1,0,4
2590,3,0,1,1,4,1
2591,3,3,1,2,2,1
2592,3,3,1,0,1,1
2593,3,0,1,0,4,0
2594,0,0,1,1,3,0
2595,0,3,1,0,0,4
2596,0,0,1,1,0,1
2597,0,0,1,1,0,4
2598,0,0,1,1,0,1
2599,3,2,1,1,4,4
2600,0,0,1,1,0,1
2601,0,0,1,0,0,0
2602,0,3,1,2,1,4
2603,3,0,1,1,4,4
2604,1,0,1,3,0,0
2605,0,0,1,3,0,0
2606,3,3,1,2,2,1
2607,3,0,1,2,2,4
2608,0,2,1,2,1,1
2609,0,3,1,0,1,1
2610,0,3,1,3,0,1
2611,0,1,1,0,1,1
2612,0,3,1,0,1,1
2613,3,3,1,1,4,1
2614,3,0,1,2,2,1
2615,0,0,1,0,1,0
2616,3,0,1,0,2,3
2617,0,0,1,4,0,3
2618,0,0,1,3,0,4
2619,0,1,1,0,1,0
2620,3,3,1,2,2,4
2621,3,0,1,2,1,1
2622,0,1,1,3,0,1
2623,3,0,1,0,4,3
2624,0,3,1,0,3,0
2625,0,3,1,1,0,0
2626,0,2,1,2,0,1
2627,0,2,1,3,0,1
2628,0,1,1,3,0,1
2629,0,3,1,2,0,1
2630,3,0,1,2,2,1
2631,0,1,1,3,1,1
2632,3,0,1,2,4,4
2633,3,3,1,2,4,1
2634,0,2,1,0,0,0
2635,0,0,1,0,0,0
2636,3,2,1,2,4,1
2637,0,0,1,0,0,0
2638,0,1,1,2,1,1
2639,0,1,1,1,0,4
2640,3,1,1,3,4,1
2641,0,3,1,1,0,4
2642,3,3,1,1,4,4
2643,3,1,1,1,4,4
2644,3,1,1,2,0,1
2645,3,1,1,1,0,4
2646,0,2,1,1,0,4
2647,0,2,0,2,0,0
2648,0,3,3,3,0,0
2649,0,2,3,2,1,3
2650,0,0,3,3,0,0
2651,0,1,3,2,0,3
2652,0,3,3,2,0,3
2653,0,0,0,3,0,0
2654,0,3,3,2,1,0
2655,1,0,3,1,0,3
2656,4,0,3,3,0,4
2657,0,2,1,4,1,0
2658,0,3,3,2,0,4
2659,3,1,1,4,1,0
2660,3,1,1,1,4,4
2661,3,3,1,0,4,0
2662,0,2,1,1,0,1
2663,0,0,0,4,0,0
2664,2,1,1,0,0,4
2665,2,3,1,0,4,1
2666,3,3,1,4,0,0
2667,3,1,1,3,4,4
2668,0,3,1,4,0,0
2669,3,2,1,3,4,0
2670,0,3,3,2,0,0
2671,3,0,3,1,2,0
2672,3,3,1,3,4,4
2673,0,3,1,3,0,0
2674,0,2,1,4,1,3
2675,0,0,0,4,1,3
2676,0,4,1,0,0,0
2677,0,0,1,0,0,4
2678,0,0,1,3,0,4
2679,0,4,1,1,1,3
2680,2,0,1,0,0,3
2681,0,0,1,1,2,3
2682,3,3,1,1,2,3
2683,0,2,1,1,0,3
2684,2,0,1,1,0,3
2685,0,3,1,1,2,3
2686,0,3,1,4,0,3
2687,0,3,1,1,1,3
2688,0,0,1,2,1,4
2689,2,0,1,1,1,3
2690,0,0,3,3,0,4
2691,3,0,1,2,1,0
2692,0,0,3,2,0,0
2693,1,0,3,1,0,3
2694,0,3,3,2,0,0
2695,1,0,3,1,0,3
2696,0,3,1,0,0,3
2697,0,3,1,2,1,3
2698,0,2,1,2,0,1
2699,0,1,1,2,0,4
2700,1,0,3,1,0,3
2701,0,2,3,1,0,3
2702,1,4,3,1,0,3
2703,0,1,3,4,1,0
2704,0,0,1,4,1,0
2705,0,2,1,0,0,4
2706,0,0,0,2,0,3
2707,0,1,3,2,0,1
2708,0,3,3,3,1,0
2709,0,0,3,2,1,3
2710,1,0,3,1,0,3
2711,0,0,3,2,1,0
2712,0,0,0,2,0,3
2713,0,2,1,2,0,1
2714,0,0,3,3,1,4
2715,0,1,3,0,1,0
2716,0,0,3,3,1,0
2717,0,1,3,2,1,0
2718,0,1,1,0,1,0
2719,0,0,1,4,0,0
2720,0,0,1,2,1,0
2721,0,3,1,2,0,3
2722,0,4,3,3,0,4
2723,0,0,3,0,0,0
2724,0,1,1,2,0,1
2725,0,0,3,2,0,3
2726,0,2,1,2,0,4
2727,3,3,1,2,4,3
2728,0,0,1,2,1,0
2729,0,0,3,3,1,3
2730,0,3,1,2,1,0
2731,1,3,3,1,0,3
2732,0,2,3,3,0,1
2733,0,4,1,2,0,0
2734,4,1,1,3,1,1
2735,1,0,0,1,1,3
2736,0,0,1,1,0,4
2737,0,0,1,2,1,0
2738,1,3,3,1,0,3
2739,1,0,3,1,0,3
2740,0,0,1,2,1,3
2741,1,0,3,1,0,3
2742,0,0,1,2,0,0
2743,4,0,1,1,0,4
2744,3,0,1,1,1,3
2745,0,0,1,2,1,0
2746,0,3,1,0,0,4
2747,0,3,1,0,0,3
2748,0,3,1,4,0,4
2749,0,3,1,3,0,3
2750,0,0,1,2,0,3
2751,0,0,3,2,1,4
2752,0,3,1,2,2,0
2753,3,3,1,2,4,4
2754,0,3,1,2,0,0
2755,0,3,1,0,1,0
2756,3,0,1,0,3,1
2757,0,0,3,0,0,3
2758,0,3,1,2,0,0
2759,0,0,1,3,1,0
2760,3,2,1,2,4,0
2761,3,3,1,4,4,4
2762,0,3,1,2,1,4
2763,0,0,1,0,1,3
2764,0,3,1,2,0,4
2765,0,3,1,0,0,4
2766,0,3,1,0,0,1
2767,0,3,1,1,0,0
2768,0,3,1,0,1,0
2769,0,3,1,0,0,1
2770,0,0,1,1,0,4
2771,0,0,1,3,0,0
2772,0,2,1,4,0,1
2773,0,2,1,3,0,1
2774,1,3,3,1,0,3
2775,0,3,1,0,0,0
2776,3,0,1,2,4,0
2777,4,0,1,1,0,4
2778,3,3,1,4,1,0
2779,0,2,1,0,0,4
2780,4,0,1,1,0,4
2781,0,2,1,4,1,1
2782,2,3,1,1,1,3
2783,0,3,1,0,0,3
2784,3,3,1,0,0,0
2785,0,0,1,3,1,0
2786,0,3,1,1,0,1
2787,0,2,1,1,0,1
2788,2,0,1,1,0,0
2789,0,3,1,2,0,0
2790,0,3,1,2,0,0
2791,1,0,3,1,0,0
2792,0,0,1,4,1,0
2793,0,0,1,2,0,0
2794,1,2,1,1,0,3
2795,1,0,3,1,0,0
2796,1,0,1,2,0,3
2797,3,0,1,0,4,1
2798,0,3,1,0,0,3
2799,1,0,3,1,0,3
2800,0,0,3,2,0,3
2801,0,0,1,1,1,3
2802,0,2,1,0,0,4
2803,2,0,1,1,0,4
2804,0,0,3,2,1,3
2805,0,0,1,1,0,0
2806,1,0,3,1,1,3
2807,0,0,3,2,0,3
2808,0,0,1,0,0,3
2809,0,0,3,3,3,3
2810,0,3,1,2,0,3
2811,0,0,1,0,1,1
2812,0,0,0,2,1,0
2813,0,0,1,2,1,3
2814,0,0,1,3,1,3
2815,0,0,1,2,1,3
2816,0,0,1,1,0,4
2817,0,3,0,2,0,0
2818,1,0,3,1,0,3
2819,0,2,1,1,0,3
2820,0,0,3,4,1,0
2821,0,0,3,3,0,3
2822,2,1,0,2,0,0
2823,2,3,1,0,0,3
2824,0,3,1,1,1,3
2825,0,3,3,2,0,3
2826,0,0,1,1,1,3
2827,0,1,3,3,0,0
2828,0,3,3,3,0,4
2829,0,0,0,4,0,0
2830,0,3,1,2,1,3
2831,3,4,3,2,0,0
2832,3,0,1,1,4,1
2833,0,3,0,2,0,4
2834,0,0,3,3,0,3
2835,0,0,2,0,0,3
2836,1,0,3,1,0,3
2837,1,0,4,1,1,3
2838,0,2,3,2,0,3
2839,0,0,1,4,0,4
2840,0,2,1,2,0,1
2841,0,2,3,3,0,0
2842,0,3,1,4,0,3
2843,3,1,0,3,4,0
2844,0,2,1,2,0,1
2845,0,0,3,2,0,3
2846,4,0,3,3,1,0
2847,0,3,3,4,0,3
2848,0,3,3,4,1,3
2849,0,3,1,2,3,3
2850,0,0,1,2,1,3
2851,1,1,0,1,0,3
2852,0,3,1,0,0,3
2853,0,0,1,2,0,3
2854,0,3,1,2,1,3
2855,0,0,0,4,1,3
2856,0,0,3,4,1,3
2857,2,0,0,3,0,0
2858,0,1,3,2,0,0
2859,0,0,3,3,0,0
2860,0,2,1,0,0,3
2861,1,3,3,1,0,3
2862,0,3,3,2,0,3
2863,2,0,1,1,0,0
2864,0,0,1,2,0,3
2865,3,0,1,2,0,3
2866,0,0,1,2,0,4
2867,0,3,0,3,0,0
2868,0,0,3,3,1,0
2869,1,3,3,1,1,0
2870,0,3,2,0,0,3
2871,1,2,1,1,0,0
2872,1,0,3,1,4,4
2873,1,0,3,1,4,0
2874,0,0,3,2,0,0
2875,0,0,3,2,1,3
2876,0,0,3,3,1,3
2877,0,0,1,0,2,0
2878,1,0,3,1,0,0
2879,1,4,3,1,4,0
2880,3,2,3,3,4,3
2881,1,0,3,1,0,0
2882,0,0,1,3,0,1
2883,3,0,1,3,1,3
2884,0,0,3,2,0,0
2885,2,0,1,2,0,0
2886,0,1,1,0,0,1
2887,0,2,3,3,0,0
2888,3,1,3,2,4,3
2889,0,2,1,0,0,3
2890,0,0,3,2,1,3
2891,3,2,3,2,0,3
2892,0,0,0,3,1,4
2893,3,0,1,0,4,3
2894,0,2,0,3,1,4
2895,0,0,1,4,1,3
2896,0,0,3,1,0,3
2897,2,0,0,2,0,3
2898,0,0,1,0,0,3
2899,3,2,3,3,4,1
2900,3,0,1,2,2,3
2901,0,0,3,3,0,0
2902,0,2,1,0,0,0
2903,0,3,1,0,0,3
2904,0,2,1,3,0,4
2905,0,3,1,0,0,3
2906,1,1,3,1,0,3
2907,2,3,0,2,0,0
2908,3,0,1,0,4,4
2909,0,2,1,2,0,4
2910,1,3,3,1,0,4
2911,1,3,3,1,0,0
2912,3,3,0,2,0,0
2913,1,0,0,1,1,0
2914,0,0,1,2,0,4
2915,0,1,1,0,0,0
2916,3,0,3,2,4,4
2917,0,2,3,3,0,4
2918,0,0,3,3,0,0
2919,0,2,1,0,0,0
2920,0,1,1,0,0,0
2921,1,2,3,1,0,3
2922,0,0,4,0,0,1
2923,1,0,3,1,0,3
2924,1,0,3,1,0,3
2925,0,0,3,0,3,3
2926,1,0,0,1,0,0
2927,0,3,1,2,0,1
2928,1,0,0,1,1,3
2929,0,0,1,4,0,0
2930,0,0,4,3,0,4
2931,0,0,1,4,0,4
2932,0,0,0,2,0,0
2933,1,0,3,1,0,4
2934,0,0,1,2,0,4
2935,0,0,1,4,1,0
2936,0,3,0,4,1,3
2937,0,3,1,2,1,0
2938,1,0,3,1,0,3
2939,3,2,1,3,0,0
2940,0,3,1,4,1,0
2941,0,3,4,2,0,0
2942,0,0,3,0,0,3
2943,0,0,1,2,0,3
2944,0,0,0,4,1,4
2945,0,0,0,3,0,4
2946,1,0,0,1,0,3
2947,3,0,1,3,1,1
2948,0,0,1,1,1,0
2949,0,0,3,4,1,0
2950,3,3,1,0,0,4
2951,0,0,1,1,0,4
2952,3,0,0,4,1,4
2953,0,0,3,2,1,3
2954,0,0,3,0,3,3
2955,0,0,3,0,3,3
2956,0,0,3,0,3,3
2957,0,0,1,4,0,1
2958,3,0,1,0,2,0
2959,0,0,3,0,3,0
2960,0,3,1,1,0,1
2961,0,0,3,0,3,0
2962,0,0,1,3,0,4
2963,0,2,1,0,0,3
2964,0,0,3,3,0,3
2965,0,2,1,0,0,3
2966,0,2,1,0,0,3
2967,0,2,1,0,0,3
2968,0,2,1,0,1,3
2969,0,0,3,1,3,3
2970,2,3,1,0,0,1
2971,0,0,1,0,0,0
2972,0,0,1,3,0,0
2973,0,0,1,1,0,0
2974,1,0,3,1,0,0
2975,0,3,1,1,0,0
2976,0,0,1,2,1,0
2977,0,3,1,0,0,4
2978,0,0,1,1,1,0
2979,1,0,3,1,0,0
2980,0,3,1,4,0,4
2981,0,0,3,2,1,0
2982,0,3,1,3,1,0
2983,1,0,0,1,0,3
2984,1,3,3,1,0,3
2985,0,3,1,0,0,0
2986,0,3,1,0,0,0
2987,0,1,1,4,1,3
2988,0,0,3,4,0,4
2989,3,0,0,2,4,1
2990,2,3,1,1,0,1
2991,0,0,1,2,0,3
2992,0,0,3,1,0,0
2993,0,0,0,2,0,3
2994,1,2,3,1,0,3
2995,0,2,1,0,0,0
2996,0,0,1,1,2,3
2997,3,0,0,3,0,4
2998,3,3,0,2,4,3
2999,0,0,1,1,0,3
3000,0,0,2,4,0,0
3001,0,3,1,4,1,3
3002,0,0,1,1,0,4
3003,0,0,1,1,3,3
3004,0,0,1,2,0,0
3005,0,1,3,2,0,4
3006,0,2,1,3,0,4
3007,0,0,3,3,1,3
3008,0,0,0,3,0,3
3009,0,3,3,4,1,3
3010,2,3,1,4,1,4
3011,0,2,3,4,1,4
3012,1,0,3,1,0,4
3013,1,2,3,1,1,0
3014,0,0,0,4,1,3
3015,3,0,2,0,4,3
3016,0,3,1,2,2,4
3017,0,0,3,4,1,4
3018,0,3,1,0,0,0
3019,0,3,1,4,1,4
3020,0,2,3,4,1,4
3021,0,3,1,0,0,3
3022,0,3,1,0,0,3
3023,0,0,3,2,0,3
3024,0,3,1,0,0,0
3025,0,0,1,2,2,3
3026,0,0,0,4,1,3
3027,0,0,3,2,1,3
3028,0,0,3,1,1,3
3029,1,3,0,1,0,0
3030,3,0,3,2,4,0
3031,0,3,1,4,1,3
3032,0,4,3,2,0,0
3033,0,3,1,1,1,3
3034,0,1,1,2,0,4
3035,1,0,0,1,1,3
3036,0,0,3,3,1,3
3037,0,2,3,0,0,3
3038,0,3,3,3,0,3
3039,3,0,1,1,4,0
3040,3,3,3,2,1,0
3041,0,2,3,2,0,0
3042,0,0,3,4,1,0
3043,0,0,1,3,1,4
3044,0,3,1,0,0,0
3045,0,0,0,3,1,3
3046,0,3,1,2,0,0
3047,0,4,3,3,0,0
3048,0,3,1,4,1,0
3049,0,1,3,2,0,3
3050,0,3,3,0,3,0
3051,0,0,1,2,2,3
3052,0,0,1,2,1,0
3053,0,3,1,2,1,0
3054,0,2,1,0,0,4
3055,0,0,1,2,1,1
3056,0,0,1,2,1,0
3057,0,0,1,2,2,4
3058,0,0,1,0,3,0
3059,0,0,1,1,1,3
3060,0,0,3,0,0,4
3061,0,0,1,2,2,4
3062,0,2,1,2,0,0
3063,3,0,3,0,4,0
3064,0,0,2,4,1,3
3065,0,0,1,2,0,1
3066,3,0,3,2,4,3
3067,0,0,3,2,0,3
3068,0,0,1,2,0,4
3069,0,3,3,2,0,4
3070,0,0,1,3,0,0
3071,0,1,1,1,1,3
3072,0,1,1,1,0,0
3073,0,2,1,0,0,0
3074,0,1,1,3,0,3
3075,0,3,1,1,0,0
3076,0,3,1,0,0,3
3077,1,2,1,1,0,3
3078,1,0,1,1,0,3
3079,1,3,1,1,0,3
3080,0,0,1,1,0,3
3081,0,2,1,0,1,3
3082,0,3,1,1,1,0
3083,0,0,1,0,1,3
3084,0,2,1,3,1,0
3085,0,0,1,0,2,3
3086,1,3,3,1,1,0
3087,1,1,3,1,1,3
3088,0,0,1,3,1,3
3089,0,3,1,0,0,3
3090,0,3,1,1,1,4
3091,0,0,0,3,0,3
3092,0,0,1,1,1,0
3093,2,3,1,4,0,0
3094,1,0,3,1,0,3
3095,1,3,3,1,1,3
3096,0,1,1,2,1,0
3097,0,0,1,0,0,3
3098,1,0,0,1,1,3
3099,0,3,1,4,0,3
3100,1,0,3,1,1,3
3101,1,2,3,1,1,3
3102,1,0,3,1,1,3
3103,2,3,1,0,0,0
3104,2,3,3,2,0,0
3105,1,0,3,1,1,3
3106,1,2,3,1,1,0
3107,0,0,0,3,1,1
3108,1,0,1,1,0,4
3109,0,2,1,0,0,4
3110,3,0,3,3,4,0
3111,1,2,3,1,0,3
3112,0,0,3,3,0,0
3113,1,3,1,1,0,3
3114,0,0,1,3,1,3
3115,0,3,0,3,1,0
3116,0,0,0,3,0,0
3117,1,2,1,1,0,3
3118,0,4,1,1,0,1
3119,0,0,1,2,0,0
3120,0,0,3,4,1,0
3121,0,0,3,0,0,0
3122,0,0,1,2,1,0
3123,3,0,3,3,4,0
3124,0,1,1,1,3,0
3125,0,3,1,1,2,1
3126,0,0,3,0,0,0
3127,0,3,3,4,1,0
3128,1,0,0,1,1,3
3129,0,1,1,2,0,4
3130,0,0,1,0,0,4
3131,0,0,1,1,1,0
3132,0,2,1,1,1,0
3133,0,0,0,3,0,4
3134,0,0,1,3,0,0
3135,1,0,3,1,0,3
3136,0,0,1,1,1,0
3137,0,3,1,1,1,3
3138,4,0,1,4,1,0
3139,0,3,1,3,0,4
3140,0,0,1,1,0,0
3141,0,3,1,1,2,3
3142,0,0,3,2,1,3
3143,3,0,1,2,4,4
3144,0,3,1,1,1,4
3145,3,2,0,3,1,0
3146,0,2,1,1,1,0
3147,1,0,0,1,0,3
3148,0,0,1,2,0,0
3149,0,0,0,3,0,4
3150,0,0,1,4,1,0
3151,0,0,1,2,1,0
3152,0,0,3,3,1,0
3153,0,2,0,3,0,4
3154,0,0,1,0,3,3
3155,3,0,1,2,1,0
3156,0,2,3,1,0,0
3157,2,3,1,1,1,0
3158,1,0,3,1,1,0
3159,0,2,1,1,0,3
3160,0,0,1,3,0,0
3161,3,1,1,4,1,0
3162,0,0,1,2,0,3
3163,0,0,1,2,1,0
3164,0,2,1,1,1,3
3165,3,1,1,2,1,4
3166,0,0,1,3,0,0
3167,0,0,3,2,0,0
3168,0,0,1,0,1,1
3169,0,0,1,2,0,4
3170,0,0,1,2,1,3
3171,3,0,1,2,4,0
3172,0,0,1,2,0,3
3173,0,0,1,2,0,0
3174,0,0,1,3,0,0
3175,0,2,1,1,2,0
3176,0,2,1,1,2,0
3177,0,3,3,3,1,0
3178,0,0,3,1,0,3
3179,3,0,1,3,1,4
3180,0,3,1,1,2,3
3181,0,0,1,0,0,0
3182,0,0,1,2,1,3
3183,0,2,1,2,1,4
3184,0,0,1,4,0,0
3185,0,2,1,1,1,3
3186,2,0,1,0,0,0
3187,0,0,1,1,1,1
3188,0,0,3,1,0,3
3189,3,0,3,1,4,3
3190,3,0,1,3,1,4
3191,1,0,1,2,0,0
3192,0,1,1,4,0,0
3193,0,0,3,1,1,3
3194,0,0,1,2,0,0
3195,4,0,1,2,0,3
3196,0,3,1,1,1,3
3197,3,3,1,2,4,0
3198,0,0,1,3,1,0
3199,0,0,1,3,0,0
3200,0,0,0,0,1,3
3201,0,0,1,2,1,3
3202,0,0,1,1,1,0
3203,0,0,1,4,1,0
3204,0,0,1,2,1,0
3205,0,0,1,1,1,0
3206,3,0,1,3,4,0
3207,0,0,1,2,0,4
3208,3,1,1,4,0,4
3209,0,3,1,1,1,3
3210,3,0,1,1,1,3
3211,4,0,1,3,3,3
3212,0,3,1,1,0,3
3213,3,0,1,2,1,0
3214,0,3,1,1,1,3
3215,0,0,1,3,1,3
3216,0,0,1,2,0,0
3217,0,3,1,1,1,3
3218,0,3,1,1,1,3
3219,0,3,1,1,1,3
3220,0,3,1,1,1,3
3221,0,0,1,1,2,3
3222,0,0,1,3,0,0
3223,0,0,1,3,0,0
3224,0,4,1,3,1,0
3225,1,0,3,1,0,3
3226,3,0,1,3,4,4
3227,3,0,1,2,1,0
3228,3,0,1,2,4,0
3229,3,1,1,4,1,1
3230,0,1,1,3,1,0
3231,1,0,3,1,0,3
3232,0,3,1,1,0,3
3233,0,3,1,1,0,3
3234,0,0,1,2,1,0
3235,3,0,1,4,1,4
3236,0,0,1,1,1,3
3237,3,0,1,1,1,3
3238,3,0,1,2,4,0
3239,0,0,1,2,0,0
3240,1,0,1,4,0,0
3241,0,0,1,3,0,0
3242,0,0,1,2,0,0
3243,0,3,1,1,1,3
3244,0,0,1,1,3,1
3245,0,0,1,2,0,0
3246,3,2,1,2,1,0
3247,2,0,1,0,0,0
3248,0,2,3,4,1,4
3249,0,0,1,2,0,0
3250,0,0,1,1,0,3
3251,3,0,1,0,2,0
3252,1,3,1,1,0,3
3253,0,0,1,4,0,0
3254,0,3,1,4,0,0
3255,3,0,1,4,0,4
3256,0,0,1,2,0,0
3257,0,0,1,1,0,0
3258,0,0,3,2,1,3
3259,0,0,1,3,1,0
3260,0,1,3,2,0,0
3261,3,0,1,2,4,1
3262,3,3,1,0,4,0
3263,1,3,0,1,0,3
3264,0,3,3,2,0,0
3265,0,0,3,3,0,1
3266,0,0,3,2,1,0
3267,1,0,0,1,0,0
3268,0,3,1,0,1,1
3269,2,1,1,0,0,3
3270,3,0,1,0,1,1
3271,1,0,4,1,1,0
3272,0,3,1,0,1,1
3273,0,2,1,3,0,4
3274,0,0,1,0,1,1
3275,0,2,1,4,0,1
3276,0,0,1,3,1,0
3277,0,3,1,0,0,1
3278,0,3,1,2,0,4
3279,0,3,3,3,0,3
3280,1,0,3,1,0,4
3281,1,3,0,1,0,3
3282,0,0,3,2,0,3
3283,0,2,4,3,0,0
3284,0,0,1,3,0,0
3285,1,0,0,1,0,3
3286,3,1,3,3,4,4
3287,0,0,3,4,1,4
3288,1,0,0,1,1,0
3289,0,3,1,2,2,1
3290,3,2,1,3,2,4
3291,3,3,3,2,1,4
3292,0,1,3,2,0,4
3293,1,0,3,1,0,3
3294,0,0,1,0,0,0
3295,2,3,1,0,0,0
3296,1,0,0,1,4,3
3297,0,0,3,2,2,0
3298,1,3,0,1,0,0
3299,0,3,4,2,0,3
3300,0,4,3,2,0,0
3301,0,1,3,3,0,0
3302,0,3,3,3,1,3
3303,0,0,0,3,1,3
3304,0,3,4,2,0,0
3305,0,3,3,4,1,3
3306,0,0,3,4,1,3
3307,3,1,3,4,1,0
3308,3,0,4,4,1,3
3309,0,0,1,3,0,0
3310,0,0,3,3,0,4
3311,0,0,3,2,1,3
3312,0,3,3,4,1,4
3313,0,0,1,2,0,4
3314,0,2,1,1,0,3
3315,0,2,3,2,0,4
3316,0,3,3,2,0,0
3317,3,2,1,0,4,3
3318,2,0,4,2,0,0
3319,0,0,1,3,0,0
3320,0,3,3,4,1,0
3321,0,0,3,4,0,3
3322,0,0,1,2,2,4
3323,0,3,3,4,1,1
3324,0,3,3,2,0,3
3325,0,0,3,2,1,3
3326,0,1,1,3,0,1
3327,0,0,1,2,1,4
3328,0,1,1,2,0,4
3329,0,1,1,1,0,4
3330,0,2,1,1,0,4
3331,0,2,1,4,0,4
3332,0,0,1,2,0,4
3333,0,0,0,0,3,1
3334,2,3,4,2,0,3
3335,0,3,3,2,1,3
3336,0,2,1,1,0,0
3337,0,3,1,0,0,3
3338,0,1,1,4,0,1
3339,0,0,1,0,0,4
3340,0,2,3,0,0,3
3341,2,3,1,0,0,1
3342,2,2,1,1,0,0
3343,2,0,1,1,0,1
3344,3,2,1,1,1,3
3345,0,0,1,0,1,3
3346,2,2,1,0,0,1
3347,0,3,1,1,0,3
3348,0,0,1,1,1,3
3349,0,2,1,1,0,0
3350,0,0,1,2,0,0
3351,1,0,1,1,0,3
3352,0,3,1,0,0,3
3353,0,2,1,1,0,0
3354,0,0,1,3,0,0
3355,3,0,1,2,2,1
3356,0,3,1,2,1,3
3357,3,0,1,0,4,0
3358,0,3,1,1,0,3
3359,0,3,1,2,1,4
3360,2,3,1,1,0,0
3361,0,0,1,1,0,3
3362,0,2,1,1,0,3
3363,0,0,1,3,0,3
3364,0,0,1,1,0,3
3365,0,0,1,1,0,1
3366,0,0,1,1,0,3
3367,3,2,1,1,4,0
3368,0,1,3,2,0,0
3369,1,0,3,1,0,0
3370,1,0,3,1,0,0
3371,0,3,1,1,0,4
3372,1,1,1,1,0,3
3373,0,0,3,4,0,0
3374,1,0,3,1,1,0
3375,0,0,1,2,0,3
3376,0,3,1,3,0,0
3377,1,3,1,1,0,3
3378,0,0,1,1,0,0
3379,1,2,3,1,0,0
3380,0,2,1,2,0,0
3381,0,0,1,2,0,1
3382,1,3,0,1,1,0
3383,1,1,3,1,0,3
3384,1,0,3,1,0,4
3385,0,0,0,3,0,0
3386,1,2,3,1,1,3
3387,0,1,1,0,0,3
3388,0,2,1,1,0,4
3389,0,0,1,2,1,0
3390,0,2,3,2,0,3
3391,0,0,1,2,0,1
3392,0,3,1,3,0,0
3393,3,2,1,3,4,4
3394,1,3,3,1,0,3
3395,0,3,1,2,0,3
3396,3,0,1,2,1,4
3397,0,3,1,3,0,1
3398,0,3,1,2,0,0
3399,3,2,1,3,4,0
3400,0,2,3,4,1,0
3401,0,0,1,4,0,4
3402,0,0,1,0,2,1
3403,0,2,1,2,0,4
3404,1,0,3,1,1,0
3405,0,1,3,2,0,3
3406,1,3,3,1,0,4
3407,0,3,3,0,1,0
3408,0,2,1,1,2,1
3409,0,3,3,2,0,4
3410,0,3,3,0,1,3
3411,0,3,1,2,0,0
3412,3,4,1,1,4,4
3413,0,0,1,2,0,1
3414,3,4,1,1,4,4
3415,3,0,1,0,2,1
3416,0,2,1,2,0,3
3417,0,0,1,4,0,3
3418,0,1,1,3,0,4
3419,0,2,1,2,0,3
3420,0,2,1,1,0,4
3421,3,2,1,3,0,1
3422,0,2,3,2,0,0
3423,0,0,3,3,0,4
3424,0,4,1,1,0,4
3425,3,4,1,3,4,4
3426,1,3,3,1,0,0
3427,0,0,1,0,2,4
3428,3,1,1,0,4,0
3429,3,3,1,1,4,1
3430,3,1,1,0,4,0
3431,0,0,1,2,2,3
3432,0,2,3,2,1,3
3433,0,0,1,3,0,1
3434,0,0,1,3,0,4
3435,2,0,1,1,0,4
3436,0,3,1,4,1,4
3437,0,2,1,2,1,3
3438,3,2,1,2,2,4
3439,0,3,1,2,2,1
3440,0,0,1,2,0,4
3441,3,2,1,4,2,4
3442,0,2,1,0,0,3
3443,0,3,1,2,0,4
3444,0,0,1,3,0,3
3445,2,3,1,1,0,1
3446,0,3,1,4,1,0
3447,0,3,1,4,1,1
3448,3,2,1,4,1,0
3449,1,0,3,1,0,3
3450,0,2,1,0,0,1
3451,1,0,3,1,0,0
3452,0,0,1,2,0,1
3453,0,2,3,4,1,3
3454,0,2,1,2,0,0
3455,3,2,1,3,1,0
3456,0,0,1,1,1,0
3457,2,3,1,1,0,1
3458,0,1,1,2,2,0
3459,0,0,3,4,1,1
3460,3,3,1,2,0,0
3461,0,1,1,2,0,0
3462,0,3,1,0,1,0
3463,0,2,1,4,0,1
3464,3,4,1,4,4,4
3465,0,2,1,2,1,3
3466,3,1,1,0,4,0
3467,0,3,1,3,1,3
3468,0,3,1,2,0,1
3469,0,0,1,4,1,0
3470,1,0,3,1,0,3
3471,3,2,1,2,0,0
3472,0,3,3,3,0,4
3473,3,3,1,0,4,0
3474,0,3,1,0,1,0
3475,0,2,1,1,0,1
3476,0,3,1,3,1,0
3477,4,0,1,2,1,4
3478,0,0,1,2,0,1
3479,0,3,1,4,0,0
3480,0,0,1,4,1,0
3481,0,0,0,3,1,0
3482,0,0,3,2,0,0
3483,2,3,1,1,1,4
3484,0,0,3,2,3,0
3485,0,2,1,2,0,1
3486,0,3,1,4,1,0
3487,0,1,1,1,0,4
3488,0,3,1,4,1,3
3489,0,3,0,2,0,0
3490,0,0,1,3,1,3
3491,0,0,1,3,3,0
3492,0,3,1,4,1,3
3493,3,0,1,4,1,3
3494,2,3,1,1,0,1
3495,3,2,1,0,0,0
3496,0,2,1,2,1,0
3497,0,3,1,2,1,0
3498,0,3,1,2,1,3
3499,0,0,1,2,1,4
3500,3,3,3,4,1,4
3501,0,3,1,4,1,0
3502,0,3,1,4,1,0
3503,3,3,1,0,1,0
3504,0,0,1,2,0,4
3505,0,2,1,2,1,4
3506,0,3,1,0,1,4
3507,0,0,1,0,1,3
3508,3,1,1,3,4,4
3509,0,0,1,3,1,4
3510,0,2,1,4,0,0
3511,3,3,1,2,4,0
3512,0,3,1,3,2,1
3513,0,0,3,2,3,3
3514,2,0,0,2,0,4
3515,1,3,3,1,0,4
3516,0,3,1,0,1,3
3517,0,0,1,2,0,4
3518,0,3,0,2,0,1
3519,0,4,1,3,0,0
3520,0,0,3,0,3,3
3521,0,2,1,0,0,0
3522,0,0,0,0,1,0
3523,0,3,1,0,1,0
3524,2,4,1,0,0,4
3525,1,3,3,1,0,3
3526,0,3,1,0,1,3
3527,2,3,1,1,0,0
3528,0,2,3,4,0,4
3529,0,3,1,1,2,1
3530,0,0,1,2,2,3
3531,0,1,1,1,0,1
3532,0,0,1,3,0,3
3533,0,1,1,4,1,0
3534,0,0,1,4,1,0
3535,3,3,0,2,0,0
3536,2,3,1,1,0,4
3537,0,0,1,0,0,0
3538,0,0,1,0,0,4
3539,0,0,1,2,0,3
3540,0,3,1,0,3,4
3541,0,3,1,4,1,0
3542,0,0,3,3,1,4
3543,0,2,1,4,1,0
3544,0,1,1,2,0,4
3545,0,0,2,0,0,1
3546,0,0,1,2,0,1
3547,0,3,3,2,1,0
3548,0,0,1,0,2,0
3549,0,0,0,3,0,0
3550,0,0,0,2,0,0
3551,0,3,1,2,0,3
3552,0,0,1,2,0,0
3553,0,2,1,1,0,4
3554,0,3,1,2,0,3
3555,0,0,1,3,0,0
3556,0,3,1,4,0,4
3557,0,3,1,4,1,3
3558,0,0,3,3,0,4
3559,0,0,1,2,3,3
3560,0,3,1,2,2,0
3561,0,0,1,0,3,3
3562,1,0,0,1,0,3
3563,0,0,1,2,3,3
3564,0,0,1,2,2,3
3565,0,3,0,2,0,0
3566,1,0,0,1,0,3
3567,0,0,3,2,0,0
3568,1,3,3,1,0,0
3569,0,0,0,2,0,4
3570,0,3,1,0,0,0
3571,0,0,1,0,2,0
3572,0,0,3,3,0,0
3573,0,0,3,3,0,0
3574,3,3,1,1,0,4
3575,0,3,3,3,0,0
3576,0,0,1,3,0,0
3577,4,0,3,3,1,4
3578,0,0,1,3,0,0
3579,0,3,1,2,0,1
3580,4,3,1,4,1,1
3581,3,3,3,3,1,1
3582,0,3,1,3,0,1
3583,0,3,3,2,1,3
3584,2,2,1,1,0,4
3585,0,0,1,3,1,4
3586,4,3,1,1,0,0
3587,4,3,1,1,0,0
3588,0,3,3,2,0,1
3589,1,0,1,3,0,3
3590,0,2,1,1,0,4
3591,0,0,3,3,0,3
3592,0,0,1,2,2,3
3593,0,0,3,4,1,0
3594,1,0,3,1,0,3
3595,0,2,3,3,1,0
3596,0,0,1,4,0,0
3597,0,0,0,0,0,2
3598,0,3,3,2,0,3
3599,0,2,3,2,0,0
3600,0,3,3,3,1,0
3601,1,0,3,1,0,3
3602,0,0,3,4,0,0
3603,1,0,3,1,0,3
3604,1,3,3,1,0,3
3605,1,0,3,1,0,3
3606,1,3,3,1,0,3
3607,3,0,1,3,4,0
3608,0,0,3,3,0,0
3609,0,0,3,2,1,3
3610,0,0,3,3,1,0
3611,0,3,1,2,2,3
3612,0,2,1,4,1,3
3613,0,0,1,1,1,4
3614,0,0,1,2,1,3
3615,0,0,3,4,1,3
3616,0,3,1,4,1,3
3617,0,0,3,1,3,3
3618,0,0,3,2,0,3
3619,0,0,3,4,1,3
3620,0,3,3,4,1,3
3621,0,3,1,4,1,3
3622,1,0,3,1,0,3
3623,0,2,1,4,1,3
3624,0,0,1,1,0,3
3625,0,2,1,3,0,3
3626,0,2,1,0,1,3
3627,0,3,1,3,1,3
3628,0,0,3,0,0,3
3629,0,0,1,4,0,0
3630,0,2,1,1,0,3
3631,0,0,3,0,0,3
3632,3,0,3,3,4,1
3633,0,0,3,2,3,3
3634,0,3,1,1,0,3
3635,0,0,1,1,0,4
3636,2,0,1,4,4,4
3637,0,1,1,1,0,1
3638,0,3,0,2,1,3
3639,3,0,1,1,4,1
3640,0,0,1,0,0,4
3641,1,0,3,1,0,3
3642,0,1,1,3,0,0
3643,0,0,1,0,1,1
3644,0,2,1,2,1,3
3645,0,2,1,3,1,0
3646,3,0,1,0,2,4
3647,0,0,1,4,1,0
3648,0,0,1,1,1,3
3649,1,3,0,1,1,3
3650,0,3,1,2,0,0
3651,1,3,3,1,0,3
3652,0,2,1,4,1,3
3653,0,3,1,1,1,0
3654,0,2,1,4,1,0
3655,0,1,3,2,0,4
3656,1,0,3,1,0,3
3657,0,0,0,3,0,3
3658,0,0,1,4,1,3
3659,0,0,1,2,0,0
3660,0,2,3,1,1,3
3661,0,0,1,2,0,0
3662,0,3,3,3,0,4
3663,0,2,1,3,0,4
3664,0,0,3,4,0,0
3665,0,0,1,2,0,4
3666,0,2,1,1,0,1
3667,2,2,1,0,0,3
3668,0,0,3,2,1,0
3669,0,3,1,3,0,1
3670,0,3,0,3,0,1
3671,1,0,3,1,0,3
3672,0,2,1,4,1,0
3673,2,0,1,1,0,3
3674,0,0,3,1,0,0
3675,0,3,1,3,1,3
3676,1,0,3,1,4,3
3677,0,3,1,2,0,3
3678,0,0,1,0,0,3
3679,1,0,3,1,0,0
3680,0,2,0,3,0,1
3681,0,0,3,3,0,0
3682,2,0,0,2,0,0
3683,0,3,1,0,1,3
3684,0,3,1,1,1,3
3685,1,0,3,1,0,3
3686,1,2,3,1,0,3
3687,0,0,3,2,1,0
3688,0,0,1,1,1,3
3689,0,2,1,1,1,0
3690,0,2,1,2,0,0
3691,3,3,1,0,2,1
3692,0,0,1,2,0,4
3693,3,3,1,0,4,3
3694,0,0,1,4,1,3
3695,0,0,1,2,0,3
3696,0,0,3,2,1,3
3697,0,0,1,2,1,1
3698,4,3,1,2,0,4
3699,0,0,1,0,2,1
3700,0,3,1,2,0,0
3701,0,0,1,1,0,0
3702,0,0,1,0,1,1
3703,0,0,3,4,1,3
3704,0,1,1,2,0,1
3705,0,0,1,4,1,0
3706,0,3,1,0,3,4
3707,0,0,1,4,1,4
3708,3,0,1,4,1,3
3709,0,3,1,0,0,4
3710,0,0,1,2,0,3
3711,0,3,1,4,0,4
3712,0,3,1,0,0,3
3713,0,3,1,0,0,3
3714,0,0,1,2,0,3
3715,3,0,1,3,1,1
3716,0,0,1,2,0,1
3717,3,2,1,1,1,1
3718,3,3,1,0,1,1
3719,3,0,1,0,4,0
3720,0,0,0,4,0,1
3721,0,0,1,0,2,4
3722,0,0,0,0,3,3
3723,0,0,1,0,1,0
3724,0,2,1,0,0,4
3725,0,0,2,0,0,2
3726,0,0,3,4,1,4
3727,2,2,1,1,0,0
3728,0,0,1,1,0,2
3729,0,0,3,4,1,4
3730,3,0,1,4,4,4
3731,0,0,1,2,0,0
3732,0,3,1,4,1,0
3733,1,2,0,1,1,0
3734,1,0,3,1,0,3
3735,3,0,1,3,1,3
3736,0,3,1,3,0,3
3737,3,0,1,3,4,3
3738,0,0,1,3,0,4
3739,0,0,1,3,0,3
3740,0,0,1,3,0,3
3741,0,1,1,0,1,4
3742,2,2,1,0,0,1
3743,0,1,1,0,0,0
3744,1,0,0,1,0,3
3745,0,3,1,4,1,4
3746,0,1,1,1,0,0
3747,3,2,1,3,4,1
3748,3,2,1,3,4,0
3749,3,1,1,1,4,0
3750,3,2,1,1,4,4
3751,3,2,1,0,4,4
3752,0,3,1,1,1,0
3753,0,3,1,4,0,0
3754,0,2,1,0,0,0
3755,0,0,1,2,0,4
3756,1,0,3,1,0,0
3757,0,0,0,3,1,0
3758,1,0,0,1,1,3
3759,0,0,1,1,0,0
3760,0,2,1,4,1,0
3761,1,0,3,1,1,0
3762,1,0,3,1,0,0
3763,0,0,1,4,2,0
3764,0,0,3,4,1,3
3765,0,3,3,2,1,0
3766,0,0,1,2,0,4
3767,0,0,0,2,1,0
3768,1,0,3,1,0,3
3769,0,0,0,3,0,2
3770,0,0,1,4,1,0
3771,0,2,1,0,1,4
3772,0,1,1,0,0,4
3773,0,0,3,4,1,3
3774,3,0,1,4,4,3
3775,0,3,0,3,0,0
3776,0,0,1,2,1,1
3777,0,0,3,2,1,0
3778,0,0,1,2,1,4
3779,0,0,1,0,1,1
3780,2,0,1,4,0,4
3781,0,0,3,2,2,4
3782,3,0,1,1,4,3
3783,1,0,0,1,1,3
3784,1,0,0,1,0,3
3785,0,3,3,0,1,1
3786,0,0,1,4,0,4
3787,0,0,1,1,1,4
3788,0,0,0,3,1,4
3789,0,0,0,3,1,3
3790,1,0,3,1,0,3
3791,0,0,3,3,0,0
3792,0,0,3,2,0,3
3793,0,2,3,4,1,3
3794,0,0,3,0,1,0
3795,0,0,3,4,1,3
3796,0,3,3,2,1,3
3797,0,0,3,3,0,0
3798,1,0,3,1,0,3
3799,0,0,3,2,0,1
3800,1,0,0,1,0,3
3801,0,0,1,2,0,1
3802,2,3,1,1,0,4
3803,0,0,3,4,1,0
3804,0,0,3,0,1,3
3805,3,0,1,1,4,4
3806,0,3,1,2,2,0
3807,0,0,1,3,0,3
3808,0,0,1,1,1,3
3809,0,0,1,4,1,3
3810,0,0,3,3,0,3
3811,2,1,1,1,0,1
3812,0,0,1,0,0,4
3813,0,3,3,3,0,0
3814,0,0,3,3,1,0
3815,0,3,1,2,1,0
3816,0,1,1,1,0,0
3817,0,0,3,4,1,3
3818,0,0,1,2,2,4
3819,3,0,1,2,2,3
3820,0,0,1,4,1,3
3821,0,2,1,4,0,4
3822,1,3,3,1,0,0
3823,0,0,1,2,2,3
3824,1,3,3,1,0,3
3825,1,3,3,1,0,3
3826,0,0,1,4,0,0
3827,2,0,1,1,0,1
3828,0,0,1,2,0,4
3829,0,0,1,1,0,0
3830,0,0,3,2,1,3
3831,0,1,1,4,0,0
3832,0,0,3,0,1,0
3833,0,0,3,3,0,3
3834,0,0,3,3,0,0
3835,0,3,1,0,0,3
3836,0,3,1,0,0,3
3837,0,3,1,0,0,3
3838,0,0,1,2,1,0
3839,0,3,1,0,0,3
3840,0,3,1,0,0,3
3841,0,0,1,1,1,3
3842,0,0,1,3,3,0
3843,0,0,0,2,0,3
3844,0,0,4,3,0,3
3845,0,0,3,0,0,3
3846,0,0,3,2,0,3
3847,0,0,3,2,0,0
3848,0,0,0,2,1,0
3849,0,0,2,3,0,1
3850,0,0,3,4,0,0
3851,0,0,2,2,0,4
3852,0,0,0,1,3,4
3853,0,3,1,0,0,0
3854,0,0,3,2,2,3
3855,3,0,3,1,1,0
3856,0,2,3,3,0,4
3857,0,0,1,0,0,4
3858,0,0,3,3,0,0
3859,0,3,1,0,0,3
3860,1,0,3,1,0,0
3861,0,2,1,2,0,3
3862,1,3,1,1,0,4
3863,2,1,3,2,0,0
3864,0,3,1,0,0,3
3865,0,0,3,3,0,0
3866,0,3,3,2,0,4
3867,0,2,1,0,0,4
3868,1,0,1,1,0,3
3869,0,0,3,3,0,0
3870,0,2,3,3,0,0
3871,2,3,3,3,0,4
3872,0,0,0,3,0,4
3873,0,2,1,2,2,0
3874,0,3,1,2,0,4
3875,3,3,1,2,0,4
3876,1,0,3,1,1,0
3877,4,0,1,2,1,4
3878,3,2,1,1,4,0
3879,0,3,1,4,3,3
3880,0,1,1,0,0,4
3881,0,4,1,1,0,4
3882,1,0,3,1,0,0
3883,0,3,3,2,0,3
3884,2,3,1,2,0,4
3885,0,3,1,0,0,0
3886,0,0,3,3,0,4
3887,0,3,1,1,0,0
3888,0,3,1,3,0,1
3889,0,3,1,2,1,3
3890,1,0,3,1,0,3
3891,1,2,1,1,0,4
3892,2,3,1,2,0,3
3893,0,0,1,2,0,1
3894,0,0,1,3,0,0
3895,0,2,1,3,1,0
3896,0,0,3,2,0,0
3897,0,0,1,2,2,3
3898,0,3,3,2,0,3
3899,0,3,1,3,1,0
3900,0,0,3,3,0,0
3901,2,3,1,0,0,3
3902,0,1,1,0,0,0
3903,0,2,1,1,2,4
3904,0,0,1,2,0,0
3905,3,1,1,1,1,0
3906,0,3,3,3,0,0
3907,1,3,3,1,0,3
3908,1,3,3,1,0,0
3909,0,0,1,2,1,0
3910,1,0,3,1,0,0
3911,0,0,1,2,1,3
3912,4,3,3,2,1,0
3913,3,3,1,3,4,3
3914,0,0,1,2,1,3
3915,1,1,1,1,0,3
3916,1,1,0,1,1,0
3917,0,0,3,3,0,0
3918,2,3,1,1,0,4
3919,1,3,3,1,0,3
3920,0,4,1,3,0,0
3921,3,3,1,3,1,3
3922,0,0,1,3,1,1
3923,1,0,3,1,0,3
3924,0,0,1,1,0,0
3925,4,0,3,2,0,0
3926,2,0,3,2,1,0
3927,1,3,3,1,0,3
3928,0,3,1,0,0,3
3929,0,3,1,4,0,1
3930,0,3,1,2,0,1
3931,0,0,1,3,0,1
3932,0,2,3,3,0,0
3933,0,2,0,3,0,1
3934,0,0,1,2,0,0
3935,1,0,3,1,0,3
3936,0,2,1,2,0,3
3937,0,0,3,3,0,1
3938,0,3,1,2,0,0
3939,0,0,0,2,0,0
3940,1,2,3,1,0,3
3941,0,3,3,2,0,1
3942,1,1,0,1,0,0
3943,0,0,3,2,1,0
3944,0,0,1,1,0,3
3945,0,3,1,4,0,0
3946,0,0,1,2,0,1
3947,0,3,1,2,1,3
3948,0,3,1,2,0,3
3949,1,3,0,1,1,3
3950,0,3,3,2,0,0
3951,0,3,1,3,1,0
3952,0,3,1,1,1,4
3953,1,0,3,1,0,0
3954,0,0,1,1,1,3
3955,2,1,1,1,0,1
3956,1,2,0,1,1,0
3957,0,0,3,2,0,0
3958,0,3,1,1,2,4
3959,0,0,1,2,1,3
3960,0,0,1,4,0,4
3961,0,0,1,1,0,0
3962,3,0,1,1,4,3
3963,0,2,1,2,0,0
3964,3,0,1,1,0,3
3965,0,0,1,0,0,0
3966,0,0,1,2,1,3
3967,0,2,3,4,1,3
3968,3,0,1,2,4,4
3969,0,3,1,4,0,0
3970,0,0,3,4,3,3
3971,4,3,3,2,1,4
3972,4,0,3,3,3,0
3973,0,0,3,2,0,4
3974,0,0,1,2,1,0
3975,2,2,1,1,0,4
3976,1,3,3,1,0,3
3977,0,0,1,4,1,1
3978,0,3,3,3,1,3
3979,1,0,3,1,0,3
3980,0,0,1,0,0,0
3981,0,0,1,4,1,3
3982,0,3,1,2,0,1
3983,1,2,0,1,1,3
3984,1,0,3,1,0,0
3985,0,0,1,1,3,1
3986,0,0,1,2,3,3
3987,0,0,1,2,0,3
3988,2,0,1,1,0,0
3989,3,0,1,1,3,1
3990,2,0,3,4,0,0
3991,0,0,1,4,0,0
3992,3,0,1,0,4,4
3993,0,0,1,0,0,4
3994,0,3,1,2,0,0
3995,2,3,1,0,0,4
3996,0,2,3,2,0,3
3997,1,0,4,1,1,3
3998,4,0,1,3,3,0
3999,0,2,1,0,0,3
4000,0,0,1,2,0,4
4001,0,0,3,0,1,3
4002,0,1,3,3,0,1
4003,0,0,1,2,1,3
4004,0,0,0,3,0,0
4005,0,0,1,2,2,0
4006,0,0,1,0,0,3
4007,2,0,1,4,1,3
4008,0,0,1,2,0,4
4009,0,0,1,1,1,0
4010,0,0,3,2,1,3
4011,0,3,1,0,0,3
4012,3,3,1,2,0,1
4013,0,0,1,2,0,4
4014,0,0,1,2,1,4
4015,3,3,1,3,1,1
4016,1,0,3,1,0,3
4017,2,3,1,1,0,4
4018,0,0,1,4,1,1
4019,3,3,1,1,3,4
4020,1,0,1,1,0,3
4021,0,0,1,2,1,3
4022,0,3,1,4,2,3
4023,4,0,3,3,3,3
4024,0,0,1,0,2,4
4025,1,0,0,1,0,3
4026,0,3,3,2,1,0
4027,2,0,1,4,0,0
4028,2,0,1,0,0,3
4029,0,0,3,2,1,4
4030,1,0,3,1,0,3
4031,2,0,1,1,0,0
4032,1,3,3,1,0,0
4033,0,0,1,4,1,3
4034,0,3,1,4,1,3
4035,0,2,0,2,0,1
4036,0,3,1,4,1,0
4037,3,3,1,4,1,4
4038,1,2,3,1,0,3
4039,1,0,3,1,0,3
4040,0,2,1,2,0,0
4041,0,4,1,2,0,4
4042,0,2,1,2,1,3
4043,0,4,1,1,0,4
4044,0,3,1,4,0,3
4045,0,3,1,2,1,3
4046,3,3,1,0,1,3
4047,0,0,1,0,0,4
4048,1,0,3,1,0,3
4049,1,3,3,1,0,3
4050,2,0,1,1,4,3
4051,0,3,1,3,0,0
4052,1,3,3,1,0,3
4053,1,0,3,1,0,3
4054,0,3,0,3,0,4
4055,0,0,3,0,3,3
4056,1,0,3,1,1,3
4057,0,3,1,2,0,0
4058,0,2,3,4,0,0
4059,1,2,3,1,0,3
4060,0,3,3,3,0,4
4061,1,3,0,1,1,0
4062,0,3,1,3,0,4
4063,1,0,0,1,0,3
4064,3,3,1,2,4,4
4065,3,0,1,0,3,1
4066,0,0,1,0,0,0
4067,0,3,1,0,0,0
4068,0,1,3,2,0,4
4069,0,0,1,4,0,0
4070,0,3,1,1,2,1
4071,0,0,3,3,1,0
4072,0,3,1,1,0,4
4073,0,2,3,2,0,3
4074,0,0,1,2,1,4
4075,0,0,1,2,0,4
4076,1,0,3,1,0,3
4077,3,0,1,3,4,4
4078,3,0,1,0,1,1
4079,3,3,1,0,4,0
4080,3,0,1,0,4,4
4081,0,3,1,2,0,4
4082,0,0,1,2,0,4
4083,0,3,1,0,0,4
4084,2,2,1,1,0,4
4085,0,0,3,3,0,0
4086,0,3,1,1,0,1
4087,0,0,1,1,0,4
4088,0,0,1,2,1,1
4089,0,0,1,1,0,3
4090,0,0,1,0,0,0
4091,3,3,1,1,1,1
4092,0,0,1,1,0,0
4093,0,0,3,1,1,0
4094,0,0,1,2,0,0
4095,0,3,1,1,0,0
4096,3,0,1,0,4,4
4097,0,0,1,4,0,0
4098,0,0,1,2,2,4
4099,3,2,1,3,1,4
4100,0,0,1,1,1,4
4101,3,0,1,2,4,1
4102,0,2,1,4,1,4
4103,3,0,1,1,4,4
4104,3,0,1,0,1,4
4105,0,0,1,2,1,0
4106,0,0,1,1,0,4
4107,0,0,1,0,0,4
4108,0,0,1,3,1,4
4109,3,0,1,0,4,4
4110,0,0,1,1,1,3
4111,3,0,1,4,4,4
4112,0,0,3,2,1,0
4113,0,0,1,1,0,1
4114,0,2,1,4,0,4
4115,0,3,1,0,0,1
4116,0,3,1,1,0,1
4117,0,0,1,1,0,0
4118,0,0,1,1,0,1
4119,0,0,1,3,0,1
4120,3,0,1,3,1,1
4121,0,0,1,4,1,0
4122,0,0,0,4,1,0
4123,0,1,1,1,0,0
4124,0,2,1,2,0,4
4125,0,1,1,1,0,1
4126,0,1,1,3,0,3
4127,0,1,1,3,0,3
4128,0,1,1,3,0,3
4129,0,1,1,0,0,0
4130,1,2,3,1,0,3
4131,0,0,1,2,1,4
4132,0,3,1,0,0,0
4133,0,3,1,3,2,0
4134,0,2,1,3,3,0
4135,0,2,1,3,1,0
4136,0,0,1,4,1,3
4137,0,3,1,4,1,3
4138,0,2,1,0,0,4
4139,0,0,3,1,1,3
4140,0,0,1,1,0,0
4141,0,0,1,4,1,0
4142,0,0,0,3,0,0
4143,0,0,1,4,1,3
4144,3,0,1,3,4,3
4145,0,0,0,2,0,0
4146,1,2,3,1,0,3
4147,1,0,3,1,0,3
4148,0,3,1,3,1,0
4149,4,3,3,2,1,0
4150,1,0,3,1,1,3
4151,1,3,0,1,0,3
4152,0,0,3,4,1,3
4153,0,0,0,2,0,0
4154,0,3,1,0,0,0
4155,0,0,1,1,0,0
4156,0,3,1,3,0,0
4157,2,0,3,1,0,3
4158,0,0,3,3,0,3
4159,0,0,0,0,0,3
4160,0,0,1,1,0,0
4161,0,1,1,3,0,4
4162,0,0,1,2,0,3
4163,2,0,1,0,0,3
4164,1,3,3,1,0,3
4165,0,0,1,3,3,0
4166,0,2,3,2,0,3
4167,0,0,1,2,1,4
4168,0,4,1,1,1,0
4169,1,1,1,1,0,3
4170,0,0,1,4,1,3
4171,0,0,1,3,0,0
4172,0,1,1,0,1,0
4173,0,0,3,3,1,0
4174,0,4,1,3,0,0
4175,2,1,1,1,0,4
4176,0,0,1,1,1,4
4177,0,0,1,2,0,3
4178,0,2,1,1,0,0
4179,1,0,3,1,0,3
4180,0,3,1,1,0,3
4181,1,0,3,1,1,3
4182,0,2,3,3,1,3
4183,0,0,0,3,0,0
4184,1,0,0,1,1,0
4185,0,2,3,4,1,4
4186,3,4,1,0,4,4
4187,0,0,1,4,1,4
4188,0,3,3,3,1,3
4189,1,0,3,1,1,3
4190,2,0,1,1,0,4
4191,0,0,1,2,0,3
4192,0,3,1,4,3,3
4193,0,0,3,3,1,3
4194,2,0,1,1,0,4
4195,0,2,1,1,0,4
4196,0,0,1,4,0,4
4197,0,0,3,1,3,3
4198,0,3,3,4,1,0
4199,0,3,0,4,1,3
4200,0,3,3,0,3,3
4201,2,0,1,1,0,4
4202,0,3,3,0,1,3
4203,3,3,3,1,1,1
4204,0,3,1,4,0,0
4205,0,3,1,4,1,3
4206,0,0,4,2,0,0
4207,2,3,1,1,4,0
4208,0,3,3,2,0,1
4209,0,0,1,2,0,4
4210,0,2,1,3,0,4
4211,0,0,3,2,1,3
4212,0,2,1,3,0,4
4213,3,1,1,1,4,4
4214,0,3,3,3,0,0
4215,0,2,1,0,3,1
4216,0,0,4,3,1,1
4217,0,0,1,1,1,3
4218,2,3,1,1,0,3
4219,3,1,1,2,2,1
4220,0,0,1,4,0,0
4221,0,3,1,1,2,3
4222,0,3,1,3,0,4
4223,0,0,1,3,0,0
4224,0,0,1,1,0,3
4225,3,1,1,0,4,1
4226,0,0,1,0,2,4
4227,0,0,1,2,0,1
4228,3,4,1,3,4,1
4229,0,0,3,3,1,4
4230,2,4,1,4,0,4
4231,2,0,1,1,1,3
4232,3,0,3,4,1,1
4233,0,3,3,4,1,3
4234,0,0,3,3,0,4
4235,4,0,1,2,3,1
4236,2,3,1,1,0,0
4237,2,2,1,1,0,4
4238,0,3,1,0,3,1
4239,3,0,1,1,4,1
4240,0,0,1,0,1,3
4241,0,0,1,3,0,4
4242,0,0,1,0,0,1
4243,0,0,3,2,1,3
4244,0,0,1,1,1,4
4245,0,0,1,2,2,3
4246,0,3,3,3,0,1
4247,0,3,1,3,0,0
4248,1,0,1,1,0,3
4249,0,0,3,2,0,0
4250,0,3,1,2,0,0
4251,0,0,1,1,0,0
4252,2,3,1,2,3,4
4253,2,3,0,2,0,3
4254,1,1,3,1,0,4
4255,3,0,3,4,1,3
4256,0,2,1,2,1,4
4257,0,0,1,0,0,3
4258,0,0,3,4,1,3
4259,1,0,3,1,4,3
4260,0,2,3,3,0,0
4261,0,0,1,2,1,3
4262,0,0,1,1,0,4
4263,0,0,1,3,1,0
4264,0,0,3,2,1,0
4265,0,0,1,1,0,4
4266,0,0,1,0,0,4
4267,0,3,3,1,1,3
4268,0,3,1,4,1,4
4269,0,0,1,2,1,0
4270,0,2,3,2,0,0
4271,0,0,1,2,1,4
4272,0,0,1,2,0,0
4273,0,0,3,2,0,0
4274,0,0,1,2,1,0
4275,0,0,1,4,1,0
4276,0,3,1,1,1,3
4277,2,0,0,2,0,3
4278,0,2,1,0,0,3
4279,3,0,1,2,1,4
4280,0,0,1,2,3,4
4281,3,3,1,2,2,4
4282,0,3,1,2,2,0
4283,3,0,1,1,4,3
4284,0,0,1,0,1,1
4285,0,2,1,0,0,0
4286,3,2,1,3,1,1
4287,0,0,1,4,0,1
4288,0,3,1,4,2,0
4289,0,0,1,4,0,4
4290,0,0,1,1,0,0
4291,0,2,1,3,0,0
4292,3,3,1,0,4,4
4293,0,0,1,0,1,3
4294,0,3,1,0,0,0
4295,0,3,1,0,0,0
4296,0,3,1,2,1,0
4297,0,2,1,1,1,3
4298,0,0,1,4,0,4
4299,0,0,1,0,0,0
4300,0,2,1,0,0,3
4301,0,2,1,0,0,3
4302,0,0,1,3,0,0
4303,0,0,1,3,0,4
4304,0,3,1,1,0,0
4305,0,0,1,4,0,4
4306,0,3,1,4,0,3
4307,0,3,1,3,1,0
4308,3,0,1,4,1,0
4309,0,3,1,0,0,1
4310,3,0,1,3,4,1
4311,0,0,1,0,0,3
4312,3,0,1,3,0,3
4313,0,0,1,3,0,0
4314,0,0,1,0,0,4
4315,0,2,1,0,0,3
4316,0,3,1,0,0,0
4317,3,0,1,2,4,1
4318,0,2,3,2,0,0
4319,1,3,1,1,0,4
4320,0,3,3,4,0,3
4321,0,4,3,3,0,0
4322,0,0,1,3,0,0
4323,0,1,1,0,0,1
4324,2,0,1,2,0,4
4325,0,1,3,2,0,1
4326,0,1,0,3,0,4
4327,3,2,3,4,1,4
4328,0,1,3,0,0,0
4329,0,2,3,2,0,4
4330,2,0,1,0,4,0
4331,1,0,3,1,4,0
4332,0,2,1,2,0,4
4333,0,4,3,2,0,1
4334,1,2,3,1,1,0
4335,0,3,1,1,0,3
4336,1,0,3,1,0,0
4337,0,1,1,2,0,4
4338,3,3,1,3,4,0
4339,0,3,0,3,0,0
4340,0,3,1,1,0,4
4341,0,1,1,2,0,0
4342,0,2,3,2,0,4
4343,0,1,0,3,0,0
4344,0,1,0,3,0,4
4345,0,0,1,4,0,1
4346,0,1,0,3,0,0
4347,1,2,3,1,0,3
4348,0,1,3,4,1,4
4349,0,0,3,3,0,0
4350,1,2,1,1,0,3
4351,1,2,3,1,0,3
4352,0,1,3,4,1,0
4353,2,1,1,0,0,1
4354,3,0,1,1,0,1
4355,1,4,3,1,0,0
4356,0,3,3,4,1,0
4357,0,2,1,0,0,1
4358,1,2,1,1,0,0
4359,1,3,3,1,4,4
4360,0,0,3,4,1,0
4361,0,3,0,3,1,0
4362,0,0,3,1,1,3
4363,0,2,0,3,1,0
4364,0,1,0,3,1,0
4365,0,0,1,3,0,4
4366,0,3,0,3,1,0
4367,0,3,0,3,1,0
4368,0,3,4,2,0,1
4369,2,0,1,0,0,0
4370,0,3,3,3,0,3
4371,0,3,0,3,1,0
4372,3,3,1,1,4,0
4373,2,2,3,1,0,0
4374,0,0,1,3,1,0
4375,1,3,0,1,1,0
4376,2,2,1,1,0,0
4377,0,0,1,2,1,0
4378,1,1,3,1,0,0
4379,0,3,0,4,0,3
4380,3,3,1,0,1,1
4381,0,3,0,3,0,4
4382,1,0,3,1,0,3
4383,0,0,1,0,2,0
4384,0,0,4,3,0,0
4385,0,0,3,2,0,3
4386,1,0,3,1,0,3
4387,3,3,1,2,2,0
4388,0,0,3,1,3,0
4389,0,0,4,0,0,4
4390,1,3,3,1,0,3
4391,0,0,1,4,1,0
4392,0,0,1,2,0,1
4393,0,0,3,4,1,1
4394,1,3,3,1,0,0
4395,0,0,1,0,2,1
4396,0,0,3,2,0,3
4397,0,3,1,4,1,0
4398,0,0,1,3,0,0
4399,1,0,1,1,0,0
4400,1,0,3,1,0,4
4401,0,0,1,3,0,3
4402,0,0,3,2,0,3
4403,0,3,3,4,1,3
4404,0,0,3,3,0,0
4405,1,0,1,2,0,0
4406,3,0,3,2,1,3
4407,0,3,1,2,1,4
4408,1,0,3,1,0,3
4409,2,0,1,1,0,0
4410,2,2,1,1,0,0
4411,1,3,3,1,0,3
4412,1,0,3,1,0,3
4413,0,3,1,1,1,0
4414,0,0,3,3,0,4
4415,1,0,3,1,0,3
4416,1,0,3,1,0,3
4417,0,0,3,3,0,0
4418,1,0,1,1,0,3
4419,0,0,3,3,0,0
4420,2,0,1,1,0,3
4421,0,3,0,4,0,4
4422,1,0,3,1,0,3
4423,1,3,3,1,1,0
4424,0,3,1,0,2,3
4425,1,0,1,1,0,3
4426,0,3,3,2,0,3
4427,1,0,3,1,0,4
4428,0,0,0,2,0,0
4429,0,0,1,2,0,1
4430,0,0,0,3,0,3
4431,1,0,1,1,4,3
4432,3,2,1,0,4,3
4433,0,0,1,2,1,4
4434,1,2,3,1,0,3
4435,0,3,3,2,0,4
4436,3,3,1,2,4,0
4437,0,0,3,4,1,3
4438,0,2,3,3,0,4
4439,0,3,1,2,0,1
4440,0,2,1,0,2,0
4441,1,0,1,1,4,3
4442,0,2,1,3,0,1
4443,0,3,1,3,0,4
4444,0,0,3,4,1,3
4445,0,3,1,4,1,1
4446,3,3,1,0,0,1
4447,0,0,3,3,1,4
4448,0,0,1,2,1,1
4449,0,2,1,0,0,4
4450,0,2,0,2,0,3
4451,0,3,1,3,0,3
4452,0,2,1,0,2,4
4453,0,3,1,0,2,3
4454,0,0,1,0,0,0
4455,3,0,4,0,4,4
4456,0,2,1,0,2,4
4457,0,1,3,1,0,3
4458,2,3,1,1,0,0
4459,0,2,3,1,1,3
4460,0,0,1,2,0,0
4461,0,0,1,4,1,0
4462,1,3,1,1,0,3
4463,1,3,1,1,0,3
4464,1,1,3,1,1,0
4465,0,0,1,2,0,0
4466,1,0,1,0,0,0
4467,0,0,1,2,0,0
4468,0,0,3,3,1,4
4469,0,3,1,2,0,4
4470,0,0,3,2,0,0
4471,0,0,1,2,0,3
4472,1,2,3,1,0,3
4473,0,3,1,2,0,3
4474,0,0,3,3,0,4
4475,0,3,1,2,0,1
4476,0,3,1,2,0,1
4477,0,0,1,2,0,4
4478,1,0,3,1,0,3
4479,0,1,1,1,2,1
4480,0,3,1,1,1,1
4481,0,0,3,2,1,0
4482,0,3,1,2,1,1
4483,0,2,1,0,0,4
4484,0,0,3,1,1,3
4485,0,3,3,2,0,0
4486,0,0,3,2,0,1
4487,0,3,1,4,1,0
4488,0,2,1,3,0,0
4489,3,0,1,1,1,3
4490,1,2,3,1,0,3
4491,3,0,1,0,1,4
4492,1,0,3,1,0,0
4493,0,3,3,2,0,3
4494,0,0,3,3,0,3
4495,4,2,1,1,0,4
4496,1,3,3,1,0,0
4497,2,0,1,1,0,4
4498,2,0,1,0,0,3
4499,1,0,3,1,0,3
4500,0,0,1,0,1,4
4501,0,0,1,2,0,1
4502,0,0,1,1,0,0
4503,0,3,3,4,1,0
4504,1,3,3,1,0,3
4505,1,0,0,1,0,0
4506,0,0,1,0,1,1
4507,1,0,3,1,0,3
4508,0,0,3,0,3,4
4509,0,0,1,2,2,3
4510,0,3,1,1,3,3
4511,0,3,1,1,2,1
4512,0,0,3,4,1,0
4513,0,0,1,4,1,0
4514,0,0,3,2,0,4
4515,0,0,1,2,1,0
4516,0,0,1,0,3,0
4517,0,0,3,2,1,0
4518,0,0,1,4,1,4
4519,1,0,0,1,1,3
4520,1,0,3,1,0,3
4521,1,0,3,1,1,3
4522,0,0,1,1,1,0
4523,0,0,1,4,2,0
4524,0,2,3,4,1,3
4525,0,0,1,1,0,4
4526,0,3,1,0,2,1
4527,0,0,1,0,1,0
4528,1,0,3,1,0,3
4529,0,0,1,4,1,4
4530,0,3,1,4,2,0
4531,0,3,1,0,1,1
4532,0,0,3,4,1,4
4533,0,0,1,4,1,0
4534,0,0,3,2,1,0
4535,0,0,1,2,2,3
4536,1,0,3,1,0,0
4537,0,0,1,3,0,0
4538,0,0,1,4,1,3
4539,0,0,1,2,0,0
4540,0,3,1,1,1,4
4541,0,0,1,0,3,0
4542,0,3,1,4,1,3
4543,4,3,1,1,0,1
4544,0,3,3,4,0,0
4545,0,2,0,2,0,4
4546,4,0,3,0,3,3
4547,0,0,1,2,0,0
4548,0,3,3,0,1,0
4549,0,0,3,3,1,3
4550,4,0,3,3,3,3
4551,0,0,1,2,0,3
4552,0,2,1,4,1,4
4553,0,0,1,0,1,0
4554,0,0,1,1,2,4
4555,0,3,1,1,0,1
4556,0,0,1,0,3,0
4557,0,0,1,3,1,4
4558,0,3,1,0,0,4
4559,0,3,1,4,1,0
4560,0,0,3,2,1,0
4561,0,0,1,0,1,4
4562,1,0,3,1,0,3
4563,0,0,1,1,0,0
4564,0,3,1,4,0,4
4565,1,0,3,1,1,0
4566,0,0,3,2,0,3
4567,1,0,0,1,0,3
4568,4,0,3,3,3,3
4569,0,0,3,0,3,3
4570,0,0,3,1,3,1
4571,3,3,1,0,3,0
4572,0,1,1,2,0,4
4573,0,3,3,4,0,3
4574,0,0,3,0,1,3
4575,0,0,3,0,3,3
4576,0,0,1,0,1,3
4577,0,3,3,4,1,4
4578,0,0,3,0,3,0
4579,3,0,0,0,1,3
4580,0,0,1,4,1,0
4581,0,3,3,4,1,3
4582,0,0,3,4,1,3
4583,0,0,3,4,1,0
4584,0,3,1,3,1,1
4585,3,2,3,2,1,4
4586,0,0,3,4,1,3
4587,0,0,1,4,1,4
4588,0,0,3,1,1,0
4589,3,0,1,3,1,3
4590,0,0,3,4,1,4
4591,3,0,1,3,1,3
4592,0,0,1,1,1,4
4593,0,0,1,3,0,3
4594,0,0,1,3,0,3
4595,0,0,3,1,3,1
4596,0,0,1,0,1,0
4597,0,0,1,2,1,4
4598,0,0,1,4,0,1
4599,0,0,1,4,1,4
4600,0,0,1,0,1,3
4601,0,0,1,0,1,3
4602,3,0,1,2,1,3
4603,0,0,1,2,1,3
4604,0,2,1,2,0,3
4605,0,0,1,3,1,3
4606,0,0,1,0,1,3
4607,0,0,1,3,0,3
4608,0,0,3,1,2,0
4609,0,0,3,4,1,4
4610,0,0,1,3,1,3
4611,0,0,1,4,2,3
4612,0,0,3,4,1,3
4613,0,0,1,0,1,3
4614,0,0,1,1,3,4
4615,0,3,3,2,1,4
4616,0,0,1,1,3,4
4617,2,3,1,1,0,4
4618,3,0,1,1,4,3
4619,0,0,3,4,1,0
4620,0,0,1,4,2,3
4621,0,3,1,1,1,3
4622,0,3,1,4,1,4
4623,0,0,3,4,3,3
4624,3,0,1,4,2,3
4625,0,0,1,0,1,3
4626,3,0,1,4,2,3
4627,0,0,1,4,1,0
4628,0,3,1,1,1,4
4629,0,0,1,0,1,0
4630,0,0,1,2,0,1
4631,3,0,1,3,1,3
4632,0,0,0,3,0,0
4633,0,0,1,3,0,3
4634,0,2,3,3,1,1
4635,0,3,1,0,0,0
4636,0,0,1,0,3,3
4637,3,0,1,1,4,4
4638,0,0,3,0,3,0
4639,0,0,3,1,1,4
4640,0,3,1,0,0,0
4641,0,0,0,3,3,3
4642,0,3,1,1,3,1
4643,0,3,1,0,1,3
4644,3,0,1,2,2,4
4645,0,0,1,0,0,1
4646,0,2,3,0,0,0
4647,0,0,1,2,2,0
4648,0,0,1,3,3,4
4649,0,2,1,0,1,1
4650,0,0,1,2,1,1
4651,0,0,3,2,2,3
4652,0,3,1,0,1,3
4653,0,0,0,1,1,3
4654,0,0,1,4,0,3
4655,0,0,1,4,0,3
4656,0,0,1,4,1,1
4657,0,3,1,0,1,1
4658,0,3,1,2,1,3
4659,0,3,1,4,1,3
4660,0,2,1,1,0,0
4661,0,3,1,4,0,3
4662,4,0,3,3,3,0
4663,0,0,1,4,1,3
4664,3,0,1,2,1,3
4665,0,0,1,4,0,3
4666,0,0,1,2,1,3
4667,0,0,1,1,1,0
4668,0,3,1,0,1,1
4669,2,2,1,1,4,1
4670,1,1,3,1,0,0
4671,1,2,3,1,0,3
4672,1,0,0,1,1,0
4673,1,2,0,1,0,3
4674,1,3,3,1,0,3
4675,0,0,1,2,2,0
4676,2,2,0,3,0,0
4677,0,3,1,1,0,4
4678,1,3,3,1,0,4
4679,0,0,1,0,0,0
4680,1,3,0,1,0,3
4681,0,0,1,3,0,0
4682,1,3,3,1,0,3
4683,1,0,0,1,1,3
4684,0,2,3,0,3,3
4685,0,0,1,2,0,0
4686,0,0,3,2,0,0
4687,0,0,0,2,0,3
4688,0,0,0,2,0,0
4689,0,0,1,1,1,4
4690,0,3,3,3,0,3
4691,3,0,1,1,4,4
4692,0,0,1,0,0,0
4693,0,0,1,1,0,0
4694,0,2,3,3,0,3
4695,1,3,1,2,0,3
4696,0,0,1,4,0,1
4697,0,3,1,3,3,0
4698,0,0,0,4,0,0
4699,0,0,3,3,0,0
4700,0,3,1,2,0,4
4701,0,1,1,1,1,4
4702,1,0,3,1,4,4
4703,2,0,3,2,0,3
4704,0,0,0,2,0,3
4705,0,3,1,4,0,4
4706,0,0,3,2,1,0
4707,0,0,1,2,0,3
4708,1,0,1,3,0,3
4709,0,3,3,3,0,0
4710,0,0,1,0,0,0
4711,0,0,1,0,1,1
4712,0,0,1,0,0,3
4713,0,0,1,0,1,4
4714,0,0,1,2,0,3
4715,0,0,1,1,0,4
4716,0,0,1,0,0,0
4717,3,0,3,1,1,0
4718,1,0,1,2,0,0
4719,0,0,3,4,3,3
4720,3,0,1,2,0,0
4721,2,0,3,4,0,0
4722,3,0,1,0,1,3
4723,0,3,1,1,0,3
4724,2,2,1,0,0,4
4725,0,3,0,0,1,3
4726,0,0,3,2,0,0
4727,0,3,3,0,3,3
4728,0,3,1,2,1,0
4729,0,0,1,4,1,3
4730,2,0,4,2,0,3
4731,0,0,1,1,0,0
4732,3,2,1,4,1,4
4733,2,0,1,1,0,3
4734,0,0,1,1,0,3
4735,0,0,3,3,1,3
4736,0,3,3,0,1,3
4737,2,0,1,1,0,4
4738,0,3,1,2,0,4
4739,2,0,1,1,0,0
4740,0,0,1,0,0,0
4741,1,0,1,2,0,0
4742,0,0,1,3,0,4
4743,0,3,1,1,0,4
4744,0,2,1,0,0,3
4745,0,1,1,0,0,0
4746,0,3,1,4,0,0
4747,1,3,3,1,1,3
4748,0,1,3,2,0,0
4749,0,1,1,0,0,3
4750,0,3,3,2,0,3
4751,0,2,3,3,0,3
4752,0,3,3,4,0,4
4753,0,2,3,2,1,3
4754,0,2,1,4,0,0
4755,0,3,1,2,0,3
4756,0,0,3,2,1,3
4757,0,3,1,2,0,3
4758,1,0,3,1,0,3
4759,0,3,1,3,0,3
4760,0,3,1,3,0,3
4761,0,2,1,4,1,3
4762,0,0,1,0,0,3
4763,3,1,1,0,4,3
4764,1,0,3,1,4,3
4765,0,3,1,3,0,3
4766,0,3,3,4,0,0
4767,0,0,1,2,0,0
4768,0,1,1,0,0,0
4769,0,3,1,2,0,3
4770,1,3,3,1,0,3
4771,0,0,1,3,0,3
4772,2,0,1,0,0,3
4773,0,0,1,2,0,0
4774,1,0,1,1,0,3
4775,0,0,1,4,1,3
4776,3,0,3,3,4,3
4777,0,2,0,3,1,3
4778,0,0,1,3,0,0
4779,0,0,0,3,0,3
4780,0,0,3,3,0,0
4781,1,3,1,1,0,3
4782,0,1,1,4,1,3
4783,1,0,1,1,0,3
4784,0,0,1,0,0,3
4785,0,3,1,0,0,3
4786,1,3,3,1,0,3
4787,0,2,4,0,0,0
4788,1,0,1,1,4,3
4789,0,3,1,3,1,1
4790,3,3,1,4,1,0
4791,3,3,1,2,2,3
4792,0,3,0,2,0,4
4793,0,3,1,2,0,3
4794,2,0,1,3,1,3
4795,0,3,3,2,0,0
4796,1,0,1,2,4,3
4797,0,0,1,4,1,0
4798,0,0,1,2,0,4
4799,1,3,3,1,0,0
4800,0,3,3,2,0,0
4801,0,0,1,3,0,1
4802,0,0,1,4,1,3
4803,3,0,3,3,1,0
4804,0,2,1,0,1,0
4805,1,0,3,1,0,3
4806,0,0,1,0,1,0
4807,2,0,1,2,0,3
4808,2,0,1,0,0,3
4809,0,3,1,2,0,3
4810,3,3,1,0,2,1
4811,1,2,3,1,0,3
4812,0,0,3,0,0,3
4813,0,3,3,2,1,3
4814,0,3,1,3,0,1
4815,1,3,3,1,0,3
4816,0,3,1,2,2,3
4817,0,2,0,2,0,0
4818,0,0,1,3,1,3
4819,1,0,0,1,1,3
4820,0,0,1,3,0,3
4821,0,0,1,4,1,4
4822,0,0,0,3,1,3
4823,1,0,3,1,0,0
4824,1,2,3,1,1,3
4825,0,0,1,0,0,3
4826,0,0,1,1,0,0
4827,0,0,1,3,0,0
4828,0,0,1,1,0,3
4829,0,0,1,3,0,3
4830,0,0,0,3,0,0
4831,2,0,1,1,4,4
4832,3,3,1,0,1,4
4833,0,0,1,3,0,0
4834,0,0,1,2,0,0
4835,3,1,1,2,4,0
4836,3,0,1,3,0,1
4837,0,0,1,4,1,1
4838,0,3,1,0,0,0
4839,1,0,0,1,0,0
4840,0,3,0,3,1,0
4841,4,0,1,1,0,0
4842,2,1,0,2,0,0
4843,0,0,1,2,1,0
4844,0,3,1,0,3,3
4845,2,3,1,1,0,4
4846,0,3,1,1,1,4
4847,0,3,1,4,1,0
4848,1,3,3,1,0,3
4849,0,3,0,2,0,0
4850,1,0,3,1,0,3
4851,0,3,1,3,0,0
4852,0,0,1,3,0,3
4853,2,0,1,0,0,3
4854,3,0,1,3,1,0
4855,0,0,1,0,0,0
4856,3,2,1,0,4,0
4857,0,0,4,2,0,1
4858,1,0,1,2,4,3
4859,0,0,1,2,0,3
4860,0,0,4,3,1,0
4861,0,0,1,4,1,0
4862,0,0,1,2,0,3
4863,0,3,1,0,0,0
4864,0,0,0,3,0,4
4865,1,0,0,1,4,0
4866,0,0,2,4,0,0
4867,0,3,1,4,1,0
4868,0,0,1,3,1,3
4869,0,0,1,1,2,0
4870,0,1,1,0,0,4
4871,0,2,1,2,0,0
4872,0,2,1,2,0,4
4873,0,0,1,0,3,3
4874,0,0,1,3,1,4
4875,0,3,1,2,0,0
4876,1,0,3,1,0,3
4877,0,0,1,4,0,1
4878,0,2,1,3,0,1
4879,0,3,1,0,0,4
4880,0,2,1,0,0,0
4881,0,0,0,2,0,0
4882,0,0,1,4,1,0
4883,0,3,1,0,0,4
4884,0,0,1,0,0,0
4885,0,0,1,4,0,3
4886,3,3,1,4,4,3
4887,0,3,1,2,0,4
4888,0,2,1,4,0,0
4889,3,3,1,4,0,4
4890,0,3,1,2,0,1
4891,0,3,1,2,0,4
4892,0,3,1,2,2,1
4893,0,3,1,2,0,1
4894,0,2,1,2,2,1
4895,3,3,1,1,1,1
4896,0,0,1,0,0,1
4897,0,0,1,1,0,1
4898,0,0,1,2,0,4
4899,0,3,1,2,0,4
4900,1,0,0,1,0,3
4901,1,2,3,1,0,3
4902,0,0,3,3,0,0
4903,3,0,3,4,4,3
4904,0,0,3,0,1,0
4905,0,0,3,4,1,3
4906,0,0,1,0,2,0
4907,0,3,1,0,1,4
4908,0,0,3,2,1,3
4909,0,0,3,3,0,0
4910,0,0,1,0,1,3
4911,0,0,3,2,0,3
4912,0,0,1,1,0,4
4913,0,2,1,2,1,0
4914,0,0,1,2,2,4
4915,0,2,1,0,3,1
4916,0,3,1,2,0,3
4917,0,2,1,4,1,3
4918,0,0,1,2,0,4
4919,3,0,1,4,4,1
4920,2,2,1,1,0,1
4921,1,2,3,1,0,3
4922,0,2,1,1,0,1
4923,3,1,1,2,0,1
4924,1,3,3,1,0,3
4925,2,3,1,1,0,1
4926,2,2,1,1,0,1
4927,0,0,1,0,0,0
4928,3,0,1,0,4,0
4929,0,2,3,0,0,0
4930,0,0,1,3,0,4
4931,0,3,3,2,1,0
4932,0,0,3,3,0,0
4933,3,3,1,2,2,1
4934,0,2,1,0,0,0
4935,0,0,3,3,0,1
4936,0,0,1,1,0,0
4937,3,0,0,2,4,0
4938,0,3,1,1,1,3
4939,4,0,3,3,1,4
4940,0,0,1,0,0,3
4941,0,0,1,4,1,3
4942,0,0,3,4,1,3
4943,0,0,1,2,0,1
4944,0,3,1,4,3,3
4945,0,0,1,2,0,0
4946,0,0,1,3,0,1
4947,3,3,1,0,4,4
4948,0,0,1,0,0,3
4949,0,0,1,3,0,4
4950,0,0,3,0,0,0
4951,0,0,3,2,0,0
4952,0,0,3,0,0,3
4953,0,0,3,4,1,3
4954,0,0,3,3,1,0
4955,1,0,3,1,0,3
4956,0,0,1,3,0,4
4957,3,0,1,2,2,4
4958,0,2,3,3,0,1
4959,3,0,1,2,4,4
4960,0,0,1,1,3,3
4961,0,0,1,2,0,4
4962,0,0,3,3,0,0
4963,0,0,3,2,0,0
4964,0,0,1,2,0,4
4965,0,1,3,4,0,4
4966,0,0,3,4,1,3
4967,0,2,3,4,0,0
4968,0,3,3,3,0,0
4969,1,0,3,1,4,0
4970,0,1,1,4,1,3
4971,0,0,3,2,0,0
4972,0,0,1,3,1,4
4973,0,0,1,1,0,3
4974,0,3,1,1,1,3
4975,0,1,1,2,1,3
4976,0,3,3,2,0,0
4977,0,0,1,4,0,3
4978,1,0,3,1,0,3
4979,0,0,3,2,3,3
4980,4,3,1,1,0,4
4981,0,0,3,3,0,3
4982,0,3,0,0,0,2
4983,0,3,1,2,0,4
4984,3,0,1,1,4,1
4985,0,0,3,0,0,3
4986,0,0,1,2,1,0
4987,0,0,1,3,0,0
4988,3,0,1,0,4,4
4989,0,3,1,3,1,0
4990,0,3,3,4,0,0
4991,2,3,4,2,0,0
4992,0,0,1,2,0,0
4993,0,0,3,3,1,0
4994,0,0,3,2,0,1
4995,0,0,0,3,0,3
4996,0,0,1,0,0,3
4997,1,2,0,1,1,0
4998,3,0,1,3,1,1
4999,0,0,3,2,0,3
5000,3,3,0,3,4,0
5001,0,3,3,2,0,3
5002,0,3,1,3,0,1
5003,3,3,1,4,1,3
5004,0,0,3,3,1,0
5005,0,0,1,1,0,3
5006,0,0,1,3,0,0
5007,0,0,3,3,1,1
5008,0,0,1,2,0,4
5009,3,0,1,3,4,4
5010,0,3,0,2,0,3
5011,0,0,4,3,1,3
5012,1,0,3,1,0,4
5013,0,0,3,4,1,0
5014,0,0,1,0,0,3
5015,0,1,3,4,1,0
5016,0,3,1,4,1,3
5017,0,3,1,3,0,3
5018,1,3,0,1,0,4
5019,0,3,1,0,0,3
5020,0,0,1,1,0,3
5021,0,0,3,4,1,4
5022,3,0,1,3,4,4
5023,0,3,1,0,0,4
5024,0,0,3,2,0,0
5025,0,0,3,0,3,0
5026,0,0,1,0,1,0
5027,2,0,0,2,0,0
5028,0,0,3,0,0,3
5029,0,0,3,4,3,3
5030,0,3,3,4,1,3
5031,2,0,1,0,0,0
5032,0,0,1,2,0,0
5033,0,0,3,2,1,0
5034,0,3,1,2,0,0
5035,0,0,3,4,0,3
5036,0,0,1,2,0,0
5037,0,0,1,0,0,4
5038,0,3,1,0,0,4
5039,0,2,1,3,1,4
5040,0,0,0,3,0,0
5041,1,0,3,1,0,3
5042,1,0,3,1,0,3
5043,4,0,1,3,3,0
5044,1,3,3,1,0,3
5045,0,0,1,2,3,3
5046,0,0,3,4,1,0
5047,1,0,0,1,0,3
5048,0,0,1,0,3,3
5049,0,0,3,3,0,1
5050,1,3,3,1,0,3
5051,0,3,1,3,0,0
5052,1,0,3,1,0,4
5053,1,0,3,1,0,4
5054,0,2,1,0,0,1
5055,0,0,3,2,1,3
5056,0,2,1,2,0,1
5057,0,3,1,2,1,0
5058,1,0,3,1,1,3
5059,0,0,1,2,0,0
5060,0,2,1,0,0,0
5061,1,0,3,1,0,3
5062,0,3,1,2,1,1
5063,3,3,1,2,0,1
5064,0,3,1,2,0,4
5065,3,0,3,3,4,4
5066,0,0,0,2,0,4
5067,0,0,1,4,0,1
5068,3,3,1,0,0,1
5069,0,0,1,0,3,4
5070,0,3,1,4,0,0
5071,3,0,1,2,3,1
5072,0,0,1,4,1,0
5073,0,0,1,4,1,1
5074,0,0,1,2,1,1
5075,0,0,1,1,1,1
5076,3,2,1,2,1,1
5077,1,0,3,1,0,4
5078,0,2,1,0,0,1
5079,0,0,0,4,0,0
5080,0,2,1,1,0,1
5081,0,0,1,0,0,0
5082,0,0,3,4,1,4
5083,0,0,1,4,1,0
5084,0,3,1,2,0,4
5085,3,0,1,2,3,3
5086,3,0,1,2,4,4
5087,0,0,1,2,3,4
5088,0,0,1,1,0,4
5089,3,0,1,2,1,0
5090,0,3,3,3,0,4
5091,3,0,1,2,0,1
5092,0,0,1,2,0,1
5093,0,3,1,2,0,1
5094,0,0,1,3,0,0
5095,0,3,3,2,0,0
5096,0,0,0,4,1,0
5097,0,0,3,2,1,3
5098,0,0,3,0,3,0
5099,0,0,3,3,2,0
5100,0,0,3,3,2,0
5101,0,3,1,2,0,1
5102,0,1,3,2,0,1
5103,0,0,1,2,1,1
5104,0,2,3,2,0,1
5105,0,0,1,1,1,3
5106,0,0,1,1,1,0
5107,0,1,1,1,1,0
5108,0,2,1,1,1,0
5109,0,0,1,3,1,3
5110,3,3,1,3,1,3
5111,0,0,1,4,1,0
5112,0,0,1,4,1,0
5113,0,2,1,3,0,4
5114,2,3,1,1,0,4
5115,0,2,3,4,1,0
5116,0,0,1,0,1,4
5117,0,0,3,3,3,0
5118,0,0,1,1,1,4
5119,3,3,1,1,1,4
5120,0,0,1,3,3,0
5121,0,0,1,4,1,0
5122,0,0,1,0,1,0
5123,0,3,1,0,1,1
5124,0,0,1,0,1,4
5125,2,0,1,4,0,0
5126,0,0,3,2,0,0
5127,4,0,3,2,1,0
5128,0,0,3,0,3,0
5129,0,0,1,4,1,0
5130,1,0,0,1,0,3
5131,3,0,1,2,1,4
5132,0,0,3,0,1,0
5133,2,0,3,2,1,1
5134,0,2,1,2,1,1
5135,0,0,3,0,1,3
5136,0,0,3,2,3,1
5137,0,0,3,0,2,4
5138,0,0,3,2,3,1
5139,0,0,1,0,0,3
5140,2,3,1,4,1,1
5141,0,0,3,4,1,0
5142,0,0,3,3,1,0
5143,3,3,1,1,3,1
5144,0,0,3,2,0,3
5145,0,0,1,3,0,0
5146,0,2,3,2,0,3
5147,0,3,1,3,0,0
5148,0,0,1,0,0,4
5149,3,0,1,3,0,1
5150,2,3,1,1,0,1
5151,0,0,4,4,0,1
5152,0,3,1,0,0,1
5153,0,3,1,0,0,0
5154,1,3,0,1,1,3
5155,1,3,3,1,0,3
5156,3,3,1,4,0,1
5157,0,2,1,0,0,0
5158,4,3,3,4,1,3
5159,0,3,1,0,1,0
5160,0,3,3,4,1,3
5161,0,2,1,0,0,3
5162,0,0,3,4,1,3
5163,0,3,1,2,0,4
5164,0,3,1,2,1,4
5165,0,0,1,0,2,3
5166,0,3,3,4,1,3
5167,0,3,1,2,1,3
5168,0,0,3,4,1,3
5169,0,0,1,2,1,3
5170,2,2,1,1,0,4
5171,3,3,1,4,1,1
5172,0,3,1,2,0,3
5173,0,3,1,4,1,4
5174,0,3,1,0,2,1
5175,2,3,0,2,0,0
5176,0,0,3,4,1,3
5177,0,3,1,2,0,3
5178,0,3,1,0,0,0
5179,0,2,1,2,0,0
5180,2,2,1,1,0,4
5181,0,4,1,4,1,1
5182,1,3,0,1,1,3
5183,1,0,3,1,0,3
5184,2,0,3,2,0,0
5185,3,3,1,0,0,0
5186,3,0,1,2,1,0
5187,3,0,1,0,1,4
5188,0,0,3,4,3,3
5189,0,2,3,2,0,0
5190,0,0,3,4,3,3
5191,2,1,1,1,0,1
5192,0,3,3,2,0,3
5193,0,0,1,0,0,3
5194,1,0,3,1,0,3
5195,0,0,1,0,0,0
5196,1,3,3,1,0,3
5197,0,0,1,0,0,0
5198,0,3,1,2,1,1
5199,0,0,1,2,1,0
5200,0,4,1,4,1,1
5201,0,2,3,4,1,0
5202,0,3,1,4,1,0
5203,0,0,1,0,0,0
5204,0,0,3,4,1,3
5205,0,0,1,2,0,1
5206,0,1,1,4,1,1
5207,0,0,1,2,1,0
5208,1,3,3,1,0,3
5209,0,0,3,2,0,0
5210,0,1,1,1,3,1
5211,0,3,1,0,1,0
5212,0,0,3,4,1,3
5213,0,2,1,0,0,3
5214,0,3,1,3,1,4
5215,0,0,3,4,1,3
5216,1,3,3,1,0,3
5217,0,1,1,3,0,0
5218,0,3,1,4,1,0
5219,0,0,1,0,0,4
5220,0,0,1,2,0,0
5221,0,3,1,1,0,0
5222,0,0,1,2,3,0
5223,0,0,3,3,0,3
5224,3,2,1,1,3,1
5225,0,0,1,2,2,0
5226,1,0,1,1,0,3
5227,0,0,1,4,1,4
5228,3,0,1,4,1,1
5229,0,0,1,3,1,0
5230,0,3,1,4,0,4
5231,0,2,1,4,1,1
5232,0,3,1,0,0,0
5233,0,0,1,3,1,0
5234,0,0,1,4,1,1
5235,0,0,3,2,1,0
5236,0,0,1,2,0,1
5237,0,0,1,4,1,3
5238,0,0,1,3,0,3
5239,0,0,1,3,0,3
5240,0,0,0,0,0,2
5241,0,0,1,0,0,0
5242,0,2,3,2,0,0
5243,3,3,1,4,1,0
5244,0,2,1,1,0,4
5245,0,0,1,1,0,4
5246,0,3,1,1,1,1
5247,0,0,1,1,0,1
5248,0,2,1,0,0,3
5249,0,3,1,1,0,1
5250,0,0,3,2,3,3
5251,2,0,4,2,0,0
5252,0,3,3,2,1,4
5253,0,0,1,1,3,3
5254,0,0,1,1,1,4
5255,0,0,1,1,2,0
5256,0,0,1,0,1,4
5257,0,0,1,2,1,1
5258,0,2,1,4,1,1
5259,0,3,1,0,0,0
5260,0,0,1,4,1,4
5261,0,0,1,0,2,3
5262,0,3,1,0,0,0
5263,0,0,1,0,2,1
5264,3,2,1,4,1,3
5265,0,0,1,1,0,0
5266,0,2,1,1,0,4
5267,0,0,3,3,0,1
5268,1,3,3,1,0,3
5269,0,0,1,3,1,0
5270,0,0,1,4,1,1
5271,0,0,1,1,0,1
5272,0,0,3,2,0,3
5273,1,0,1,3,0,0
5274,0,0,3,3,0,0
5275,0,1,1,4,1,4
5276,0,3,1,1,0,4
5277,2,0,1,4,0,1
5278,0,0,1,0,0,4
5279,0,3,1,1,1,3
5280,3,3,3,2,4,3
5281,0,3,3,2,0,0
5282,0,3,1,4,1,0
5283,0,0,1,1,3,4
5284,0,3,1,0,1,3
5285,0,3,1,0,1,3
5286,0,0,1,0,0,4
5287,3,1,3,2,4,3
5288,0,0,3,2,0,0
5289,2,2,1,1,0,1
5290,0,0,1,1,2,1
5291,0,0,1,1,3,0
5292,3,3,1,2,4,1
5293,0,3,1,0,0,0
5294,0,3,1,2,2,1
5295,2,0,1,2,2,3
5296,0,0,1,3,1,1
5297,0,0,3,0,1,1
5298,0,3,3,4,1,4
5299,0,0,1,3,1,1
5300,0,3,1,1,0,0
5301,0,0,3,0,2,4
5302,0,0,1,4,0,1
5303,0,0,1,2,0,1
5304,0,0,3,3,0,3
5305,3,0,1,1,2,1
5306,3,2,1,0,2,1
5307,2,3,1,0,0,0
5308,1,0,1,3,0,3
5309,0,4,1,2,0,3
5310,0,3,1,2,0,4
5311,0,0,1,2,0,4
5312,0,0,1,4,0,4
5313,0,0,1,0,0,3
5314,0,2,1,4,1,4
5315,0,0,1,2,2,4
5316,0,3,1,4,1,0
5317,0,3,1,3,0,1
5318,0,0,1,3,1,0
5319,0,0,1,0,3,0
5320,0,0,1,0,3,0
5321,0,2,1,0,0,0
5322,0,0,1,2,1,1
5323,0,0,1,0,3,0
5324,0,3,1,4,0,1
5325,0,0,1,3,1,4
5326,0,3,1,2,0,0
5327,2,0,1,4,0,1
5328,0,0,1,1,0,4
5329,0,0,1,1,0,4
